Compute Name,Instance UUID,Instance Name,Total CPUS,F1,F2,F3,F4,F5,F6,F7,F8,F9,F10,F11,F12,F13,F14,F15,F16,F17,F18,F19,F20,F21,F22,F23,F24,F25,F26,F27,F28,F29,F30,F31,F32,F33
overcloud-RM18AvrsReadyCompute-19,instance-0000420a,ZTE_RCP_61_GDB_103_R,4,'33','73','26','66',16384,,,,,,,,,,,,,,,,,,,,,,,,,,,,
overcloud-RM18AvrsReadyCompute-19,instance-0000425e,ZTE_RCP_61_IPI_2_L,4,'78','38','37','77',16384,,,,,,,,,,,,,,,,,,,,,,,,,,,,
overcloud-RM18AvrsReadyCompute-19,instance-000042e2,ZTE_RCP_61_CMP_313_R,4,'18','58','12','52',16384,,,,,,,,,,,,,,,,,,,,,,,,,,,,
overcloud-RM18AvrsReadyCompute-19,instance-00004300,ZTE_RCP_61_CMP_321_R,4,'8','48','13','53',16384,,,,,,,,,,,,,,,,,,,,,,,,,,,,
overcloud-RM18AvrsReadyCompute-19,instance-0000432d,ZTE_RCP_61_CMP_331_R,4,'3','43','5','45',16384,,,,,,,,,,,,,,,,,,,,,,,,,,,,
overcloud-RM18AvrsReadyCompute-19,instance-00004375,ZTE_RCP_61_CMP_358_L,4,'68','28','71','31',16384,,,,,,,,,,,,,,,,,,,,,,,,,,,,
overcloud-RM18AvrsReadyCompute-18,instance-000043e8,vDSCTB01_SSAP1_0,8,'18','58','52','12','8','48','13','53',16384,,,,,,,,,,,,,,,,,,,,,,,,
overcloud-RM18AvrsReadyCompute-11,instance-000043a8,ZTE_RCP_61_CMP_377_R,4,'30','70','29','69',16384,,,,,,,,,,,,,,,,,,,,,,,,,,,,
overcloud-RM18AvrsReadyCompute-11,instance-0000436c,ZTE_RCP_61_CMP_357_R,4,'78','38','37','77',16384,,,,,,,,,,,,,,,,,,,,,,,,,,,,
overcloud-RM18AvrsReadyCompute-11,instance-00004330,ZTE_RCP_61_CMP_335_R,4,'33','73','26','66',16384,,,,,,,,,,,,,,,,,,,,,,,,,,,,
overcloud-RM18AvrsReadyCompute-11,instance-00004309,ZTE_RCP_61_CMP_326_L,4,'68','28','71','31',16384,,,,,,,,,,,,,,,,,,,,,,,,,,,,
overcloud-RM18AvrsReadyCompute-11,instance-000042d9,ZTE_RCP_61_CMP_307_R,4,'3','43','5','45',16384,,,,,,,,,,,,,,,,,,,,,,,,,,,,
overcloud-RM18AvrsReadyCompute-11,instance-0000428e,ZTE_RCP_61_CDB_766_L,4,'9','49','54','14',32768,,,,,,,,,,,,,,,,,,,,,,,,,,,,
overcloud-RM18AvrsReadyCompute-11,instance-00004213,ZTE_RCP_61_SMP_50_L,4,'18','58','52','12',16384,,,,,,,,,,,,,,,,,,,,,,,,,,,,
overcloud-RM18AvrsReadyCompute-11,instance-00004255,ZTE_RCP_61_IPI_10_L,4,'8','48','13','53',16384,,,,,,,,,,,,,,,,,,,,,,,,,,,,
overcloud-RM18AvrsReadyCompute-10,instance-0000439c,ZTE_RCP_61_CMP_370_L,4,'38','78','37','77',16384,,,,,,,,,,,,,,,,,,,,,,,,,,,,
overcloud-RM18AvrsReadyCompute-10,instance-00004363,ZTE_RCP_61_CMP_352_L,4,'33','73','26','66',16384,,,,,,,,,,,,,,,,,,,,,,,,,,,,
overcloud-RM18AvrsReadyCompute-10,instance-000042ac,ZTE_RCP_61_CDB_733_R,4,'28','68','31','71',32768,,,,,,,,,,,,,,,,,,,,,,,,,,,,
overcloud-RM18AvrsReadyCompute-10,instance-000042a9,ZTE_RCP_61_CDB_739_R,4,'9','49','54','14',32768,,,,,,,,,,,,,,,,,,,,,,,,,,,,
overcloud-RM18AvrsReadyCompute-10,instance-0000422e,ZTE_RCP_61_CMP_300_L,4,'18','58','52','12',16384,,,,,,,,,,,,,,,,,,,,,,,,,,,,
overcloud-RM18AvrsReadyCompute-10,instance-00004270,ZTE_RCP_61_CDB_790_L,4,'8','48','13','53',32768,,,,,,,,,,,,,,,,,,,,,,,,,,,,
overcloud-RM18AvrsReadyCompute-13,instance-0000438d,ZTE_RCP_61_CMP_369_R,4,'78','38','37','77',16384,,,,,,,,,,,,,,,,,,,,,,,,,,,,
overcloud-RM18AvrsReadyCompute-13,instance-0000434b,ZTE_RCP_61_CMP_342_L,4,'33','73','26','66',16384,,,,,,,,,,,,,,,,,,,,,,,,,,,,
overcloud-RM18AvrsReadyCompute-13,instance-0000430f,ZTE_RCP_61_CMP_324_L,4,'68','28','71','31',16384,,,,,,,,,,,,,,,,,,,,,,,,,,,,
overcloud-RM18AvrsReadyCompute-13,instance-000042c4,ZTE_RCP_61_CDB_718_L,4,'3','43','5','45',32768,,,,,,,,,,,,,,,,,,,,,,,,,,,,
overcloud-RM18AvrsReadyCompute-13,instance-00004264,ZTE_RCP_61_IPI_5_R,4,'9','49','54','14',16384,,,,,,,,,,,,,,,,,,,,,,,,,,,,
overcloud-RM18AvrsReadyCompute-13,instance-00004210,ZTE_RCP_61_GDB_106_L,4,'18','58','52','12',16384,,,,,,,,,,,,,,,,,,,,,,,,,,,,
overcloud-RM18AvrsReadyCompute-13,instance-0000420d,ZTE_RCP_61_SMP_56_L,4,'8','48','13','53',16384,,,,,,,,,,,,,,,,,,,,,,,,,,,,
overcloud-RM18AvrsReadyCompute-15,instance-000042b2,ZTE_RCP_61_CDB_745_R,4,'9','49','54','14',32768,,,,,,,,,,,,,,,,,,,,,,,,,,,,
overcloud-RM18AvrsReadyCompute-15,instance-0000427f,ZTE_RCP_61_CDB_775_R,4,'8','48','13','53',32768,,,,,,,,,,,,,,,,,,,,,,,,,,,,
overcloud-RM18AvrsReadyCompute-15,instance-00004318,ZTE_RCP_61_CMP_325_R,4,'33','73','26','66',16384,,,,,,,,,,,,,,,,,,,,,,,,,,,,
overcloud-RM18AvrsReadyCompute-15,instance-00004306,ZTE_RCP_61_CMP_328_L,4,'28','68','31','71',16384,,,,,,,,,,,,,,,,,,,,,,,,,,,,
overcloud-RM18AvrsReadyCompute-15,instance-0000436f,ZTE_RCP_61_CMP_361_R,4,'38','78','37','77',16384,,,,,,,,,,,,,,,,,,,,,,,,,,,,
overcloud-RM18AvrsReadyCompute-15,instance-000043ab,ZTE_RCP_61_CMP_373_R,4,'70','30','29','69',16384,,,,,,,,,,,,,,,,,,,,,,,,,,,,
overcloud-RM18AvrsReadyCompute-15,instance-00004231,ZTE_RCP_61_GDB_104_L,4,'18','58','52','12',16384,,,,,,,,,,,,,,,,,,,,,,,,,,,,
overcloud-RM18AvrsReadyCompute-14,instance-0000434e,ZTE_RCP_61_CMP_349_R,4,'78','38','37','77',16384,,,,,,,,,,,,,,,,,,,,,,,,,,,,
overcloud-RM18AvrsReadyCompute-14,instance-00004333,ZTE_RCP_61_CMP_333_R,4,'33','73','26','66',16384,,,,,,,,,,,,,,,,,,,,,,,,,,,,
overcloud-RM18AvrsReadyCompute-14,instance-000042f1,ZTE_RCP_61_CMP_320_L,4,'68','28','71','31',16384,,,,,,,,,,,,,,,,,,,,,,,,,,,,
overcloud-RM18AvrsReadyCompute-14,instance-000042df,ZTE_RCP_61_CMP_308_L,4,'3','43','5','45',16384,,,,,,,,,,,,,,,,,,,,,,,,,,,,
overcloud-RM18AvrsReadyCompute-14,instance-0000426a,ZTE_RCP_61_IPI_8_L,4,'9','49','54','14',16384,,,,,,,,,,,,,,,,,,,,,,,,,,,,
overcloud-RM18AvrsReadyCompute-14,instance-00004219,ZTE_RCP_61_SMP_59_R,4,'8','48','13','53',16384,,,,,,,,,,,,,,,,,,,,,,,,,,,,
overcloud-RM18AvrsReadyCompute-14,instance-00004216,ZTE_RCP_61_CDB_703_R,4,'18','58','52','12',32768,,,,,,,,,,,,,,,,,,,,,,,,,,,,
overcloud-RM18AvrsReadyCompute-17,instance-00004261,ZTE_RCP_61_IPI_7_R,4,'9','49','54','14',16384,,,,,,,,,,,,,,,,,,,,,,,,,,,,
overcloud-RM18AvrsReadyCompute-17,instance-000042c1,ZTE_RCP_61_CDB_715_R,4,'3','43','5','45',32768,,,,,,,,,,,,,,,,,,,,,,,,,,,,
overcloud-RM18AvrsReadyCompute-17,instance-000042f4,ZTE_RCP_61_CMP_319_R,4,'68','28','71','31',16384,,,,,,,,,,,,,,,,,,,,,,,,,,,,
overcloud-RM18AvrsReadyCompute-17,instance-0000433f,ZTE_RCP_61_CMP_338_L,4,'33','73','26','66',16384,,,,,,,,,,,,,,,,,,,,,,,,,,,,
overcloud-RM18AvrsReadyCompute-17,instance-00004360,ZTE_RCP_61_CMP_348_L,4,'78','38','37','77',16384,,,,,,,,,,,,,,,,,,,,,,,,,,,,
overcloud-RM18AvrsReadyCompute-17,instance-00004201,ZTE_RCP_61_SMP_55_R,4,'18','58','52','12',16384,,,,,,,,,,,,,,,,,,,,,,,,,,,,
overcloud-RM18AvrsReadyCompute-17,instance-00004204,ZTE_RCP_61_SMP_57_R,4,'8','48','13','53',16384,,,,,,,,,,,,,,,,,,,,,,,,,,,,
overcloud-RM18AvrsReadyCompute-16,instance-00004315,ZTE_RCP_61_CMP_329_R,4,'28','68','31','71',16384,,,,,,,,,,,,,,,,,,,,,,,,,,,,
overcloud-RM18AvrsReadyCompute-16,instance-00004327,ZTE_RCP_61_CMP_336_L,4,'33','73','26','66',16384,,,,,,,,,,,,,,,,,,,,,,,,,,,,
overcloud-RM18AvrsReadyCompute-16,instance-00004273,ZTE_RCP_61_CDB_793_R,4,'8','48','13','53',32768,,,,,,,,,,,,,,,,,,,,,,,,,,,,
overcloud-RM18AvrsReadyCompute-16,instance-0000435d,ZTE_RCP_61_CMP_350_L,4,'38','78','37','77',16384,,,,,,,,,,,,,,,,,,,,,,,,,,,,
overcloud-RM18AvrsReadyCompute-16,instance-00004234,ZTE_RCP_61_GDB_102_L,4,'18','58','52','12',16384,,,,,,,,,,,,,,,,,,,,,,,,,,,,
overcloud-RM18AvrsReadyCompute-16,instance-000042b5,ZTE_RCP_61_CDB_730_L,4,'9','49','54','14',32768,,,,,,,,,,,,,,,,,,,,,,,,,,,,
overcloud-AvrsReadyCompute-8,instance-0000123f,vDRA_ISB_SSAP1_5,8,'11','47','42','6','41','5','9','45',16384,,,,,,,,,,,,,,,,,,,,,,,,
overcloud-AvrsReadyCompute-8,instance-000017de,ZTE_MSCS_73_VMP_5_S,4,'3','39','48','12',14336,,,,,,,,,,,,,,,,,,,,,,,,,,,,
overcloud-AvrsReadyCompute-8,instance-00003736,ZTE_vUSPP_45_CMP_1,8,'67','31','66','30','26','62','35','71',24576,,,,,,,,,,,,,,,,,,,,,,,,
overcloud-AvrsReadyCompute-8,instance-00003892,ZTE_vUSPP_45_CMP_14,8,'25','61','64','28','32','68','27','63',24576,,,,,,,,,,,,,,,,,,,,,,,,
overcloud-AvrsReadyCompute-8,instance-00001766,ZTE_MSCS_72_SIPI_4_S,4,'16','52','2','38',4096,,,,,,,,,,,,,,,,,,,,,,,,,,,,
overcloud-AvrsReadyCompute-8,instance-00001808,ZTE_MSCS_72_SPU_8_S,8,'65','29','34','70','24','60','33','69',28672,,,,,,,,,,,,,,,,,,,,,,,,
overcloud-AvrsReadyCompute-8,instance-00001748,ZTE_MSCS_72_CU_L,8,'8','44','50','14','51','15','10','46',16384,,,,,,,,,,,,,,,,,,,,,,,,
overcloud-AvrsReadyCompute-8,instance-00001742,ZTE_MSCS_72_OMP_L,2,'43','7',6144,,,,,,,,,,,,,,,,,,,,,,,,,,,,,,
overcloud-AvrsReadyCompute-1,instance-000017c3,ZTE_MSCS_73_SPU_7_S,8,'10','46','11','47','42','6','41','5',28672,,,,,,,,,,,,,,,,,,,,,,,,
overcloud-AvrsReadyCompute-1,instance-0000182f,ZTE_MSCS_72_SPU_16_S,8,'65','29','34','70','24','60','33','69',28672,,,,,,,,,,,,,,,,,,,,,,,,
overcloud-AvrsReadyCompute-1,instance-00001745,ZTE_MSCS_72_SIPI_1_S,4,'43','7','16','52',4096,,,,,,,,,,,,,,,,,,,,,,,,,,,,
overcloud-AvrsReadyCompute-1,instance-00002ca1,ZTE_MSCS_74_SPU_14_S,8,'25','61','64','28','32','68','27','63',28672,,,,,,,,,,,,,,,,,,,,,,,,
overcloud-AvrsReadyCompute-1,instance-000038e0,ZTE_vUSPP_45_PDSA_27,8,'67','31','66','30','26','62','35','71',24576,,,,,,,,,,,,,,,,,,,,,,,,
overcloud-AvrsReadyCompute-1,instance-0000173f,ZTE_MSCS_72_SPU_1_S,8,'2','38','8','44','50','14','51','15',28672,,,,,,,,,,,,,,,,,,,,,,,,
overcloud-AvrsReadyCompute-1,instance-00001814,ZTE_MSCS_72_VMP_2_S,4,'9','45','3','39',14336,,,,,,,,,,,,,,,,,,,,,,,,,,,,
overcloud-AvrsReadyCompute-3,instance-0000117f,ZTE_MSCS_71_CDN_4_R,4,'65','29','34','70',34816,,,,,,,,,,,,,,,,,,,,,,,,,,,,
overcloud-AvrsReadyCompute-3,instance-00001107,ZTE_MSCS_71_OMM_R,4,'43','7','16','52',8192,,,,,,,,,,,,,,,,,,,,,,,,,,,,
overcloud-AvrsReadyCompute-3,instance-00001122,ZTE_MSCS_71_SPU_5_S,8,'50','14','51','15','10','46','11','47',28672,,,,,,,,,,,,,,,,,,,,,,,,
overcloud-AvrsReadyCompute-3,instance-00001113,ZTE_MSCS_71_VMP_4_S,4,'2','38','8','44',14336,,,,,,,,,,,,,,,,,,,,,,,,,,,,
overcloud-AvrsReadyCompute-3,instance-00002c6e,ZTE_MSCS_74_SIPI_1_S,4,'48','12','49','13',4096,,,,,,,,,,,,,,,,,,,,,,,,,,,,
overcloud-AvrsReadyCompute-3,instance-00002c83,ZTE_MSCS_74_SPU_2_S,8,'24','60','33','69','67','31','66','30',28672,,,,,,,,,,,,,,,,,,,,,,,,
overcloud-AvrsReadyCompute-3,instance-0000181a,ZTE_MSCS_72_VMP_3_S,4,'42','6','41','5',14336,,,,,,,,,,,,,,,,,,,,,,,,,,,,
overcloud-AvrsReadyCompute-2,instance-00001233,vDRA_ISB_SSAP1_6,8,'43','7','16','52','2','38','8','44',16384,,,,,,,,,,,,,,,,,,,,,,,,
overcloud-AvrsReadyCompute-2,instance-00002cc2,ZTE_MSCS_74_SPU_19_S,8,'26','62','35','71','25','61','64','28',28672,,,,,,,,,,,,,,,,,,,,,,,,
overcloud-AvrsReadyCompute-2,instance-000017f6,ZTE_MSCS_73_SPU_18_S,8,'50','14','51','15','10','46','11','47',28672,,,,,,,,,,,,,,,,,,,,,,,,
overcloud-AvrsReadyCompute-2,instance-0000374b,ZTE_vUSPP_45_OMP_1,4,'42','6','41','5',12288,,,,,,,,,,,,,,,,,,,,,,,,,,,,
overcloud-AvrsReadyCompute-2,instance-000017b4,ZTE_MSCS_72_CDN_2_L,4,'65','29','34','70',34816,,,,,,,,,,,,,,,,,,,,,,,,,,,,
overcloud-AvrsReadyCompute-2,instance-000038a1,ZTE_vUSPP_45_PDSA_6,8,'9','45','3','39','48','12','49','13',24576,,,,,,,,,,,,,,,,,,,,,,,,
overcloud-AvrsReadyCompute-5,instance-000038c8,ZTE_vUSPP_45_PDSA_19,8,'3','39','48','12','49','13','17','53',24576,,,,,,,,,,,,,,,,,,,,,,,,
overcloud-AvrsReadyCompute-5,instance-00001185,ZTE_MSCS_71_CDN_2_R,4,'67','31','66','30',34816,,,,,,,,,,,,,,,,,,,,,,,,,,,,
overcloud-AvrsReadyCompute-5,instance-0000110a,ZTE_MSCS_71_CU_L,8,'16','52','2','38','8','44','50','14',16384,,,,,,,,,,,,,,,,,,,,,,,,
overcloud-AvrsReadyCompute-5,instance-000010fe,ZTE_MSCS_71_OMP_L,2,'43','7',6144,,,,,,,,,,,,,,,,,,,,,,,,,,,,,,
overcloud-AvrsReadyCompute-5,instance-0000115b,ZTE_MSCS_71_SPU_18_S,8,'65','29','34','70','24','60','33','69',28672,,,,,,,,,,,,,,,,,,,,,,,,
overcloud-AvrsReadyCompute-5,instance-00001140,ZTE_MSCS_71_SPU_9_S,8,'11','47','42','6','41','5','9','45',28672,,,,,,,,,,,,,,,,,,,,,,,,
overcloud-AvrsReadyCompute-5,instance-00001119,ZTE_MSCS_71_VMP_5_S,4,'51','15','10','46',14336,,,,,,,,,,,,,,,,,,,,,,,,,,,,
overcloud-AvrsReadyCompute-4,instance-00003715,ZTE_vUSPP_45_PDSA_2,8,'2','38','8','44','50','14','51','15',24576,,,,,,,,,,,,,,,,,,,,,,,,
overcloud-AvrsReadyCompute-4,instance-00003895,ZTE_vUSPP_45_CMP_15,8,'10','46','11','47','42','6','41','5',24576,,,,,,,,,,,,,,,,,,,,,,,,
overcloud-AvrsReadyCompute-4,instance-000038ef,ZTE_vUSPP_45_PDSA_32,8,'26','62','35','71','25','61','64','28',24576,,,,,,,,,,,,,,,,,,,,,,,,
overcloud-AvrsReadyCompute-4,instance-00001137,ZTE_MSCS_71_SPU_13_S,8,'42','6','41','5','9','45','3','39',28672,,,,,,,,,,,,,,,,,,,,,,,,
overcloud-AvrsReadyCompute-4,instance-00001727,ZTE_MSCS_73_CDN_3_L,4,'65','29','34','70',34816,,,,,,,,,,,,,,,,,,,,,,,,,,,,
overcloud-AvrsReadyCompute-4,instance-00002c74,ZTE_MSCS_74_OMM_L,4,'48','12','49','13',8192,,,,,,,,,,,,,,,,,,,,,,,,,,,,
overcloud-AvrsReadyCompute-4,instance-00002c80,ZTE_MSCS_74_SPU_3_S,8,'24','60','33','69','67','31','66','30',28672,,,,,,,,,,,,,,,,,,,,,,,,
overcloud-AvrsReadyCompute-7,instance-00001248,vDRA_ISB_SDAU_6,4,'43','7','16','52',8192,,,,,,,,,,,,,,,,,,,,,,,,,,,,
overcloud-AvrsReadyCompute-7,instance-000038cb,ZTE_vUSPP_45_PDSA_20,8,'50','14','51','15','10','46','11','47',24576,,,,,,,,,,,,,,,,,,,,,,,,
overcloud-AvrsReadyCompute-7,instance-000017ff,ZTE_MSCS_72_SPU_12_S,8,'9','45','3','39','48','12','49','13',28672,,,,,,,,,,,,,,,,,,,,,,,,
overcloud-AvrsReadyCompute-7,instance-00001802,ZTE_MSCS_72_SPU_9_S,8,'65','29','34','70','24','60','33','69',28672,,,,,,,,,,,,,,,,,,,,,,,,
overcloud-AvrsReadyCompute-7,instance-00002cd7,ZTE_MSCS_74_CDN_4_R,4,'25','61','64','28',34816,,,,,,,,,,,,,,,,,,,,,,,,,,,,
overcloud-AvrsReadyCompute-7,instance-000017bd,ZTE_MSCS_73_SPU_6_S,8,'2','38','8','44','42','6','41','5',28672,,,,,,,,,,,,,,,,,,,,,,,,
overcloud-AvrsReadyCompute-6,instance-00001227,vDSCISB01_OMU_OMUBIG_1,8,'43','7','16','52','2','38','8','44',16384,,,,,,,,,,,,,,,,,,,,,,,,
overcloud-AvrsReadyCompute-6,instance-000017ab,ZTE_MSCS_72_CDN_4_L,4,'42','6','41','5',34816,,,,,,,,,,,,,,,,,,,,,,,,,,,,
overcloud-AvrsReadyCompute-6,instance-000017f0,ZTE_MSCS_73_SPU_20_S,8,'50','14','51','15','10','46','11','47',28672,,,,,,,,,,,,,,,,,,,,,,,,
overcloud-AvrsReadyCompute-6,instance-00002cc5,ZTE_MSCS_74_SPU_18_S,8,'25','61','64','28','32','68','27','63',28672,,,,,,,,,,,,,,,,,,,,,,,,
overcloud-AvrsReadyCompute-6,instance-00003742,ZTE_vUSPP_45_IDSA_1,4,'65','29','34','70',16384,,,,,,,,,,,,,,,,,,,,,,,,,,,,
overcloud-AvrsReadyCompute-6,instance-000038b9,ZTE_vUSPP_45_PDSA_14,8,'24','60','33','69','67','31','66','30',24576,,,,,,,,,,,,,,,,,,,,,,,,
overcloud-RM18AvrsReadyCompute-9,instance-000042af,ZTE_RCP_61_CDB_727_R,4,'9','49','54','14',32768,,,,,,,,,,,,,,,,,,,,,,,,,,,,
overcloud-RM18AvrsReadyCompute-9,instance-00004279,ZTE_RCP_61_CDB_787_R,4,'8','48','13','53',32768,,,,,,,,,,,,,,,,,,,,,,,,,,,,
overcloud-RM18AvrsReadyCompute-9,instance-000042e8,ZTE_RCP_61_CMP_309_R,4,'28','68','31','71',16384,,,,,,,,,,,,,,,,,,,,,,,,,,,,
overcloud-RM18AvrsReadyCompute-9,instance-00004339,ZTE_RCP_61_CMP_341_R,4,'33','73','26','66',16384,,,,,,,,,,,,,,,,,,,,,,,,,,,,
overcloud-RM18AvrsReadyCompute-9,instance-00004366,ZTE_RCP_61_CMP_359_R,4,'38','78','37','77',16384,,,,,,,,,,,,,,,,,,,,,,,,,,,,
overcloud-RM18AvrsReadyCompute-9,instance-0000439f,ZTE_RCP_61_CMP_372_L,4,'70','30','29','69',16384,,,,,,,,,,,,,,,,,,,,,,,,,,,,
overcloud-RM18AvrsReadyCompute-9,instance-0000423a,ZTE_RCP_61_SMP_54_L,4,'18','58','52','12',16384,,,,,,,,,,,,,,,,,,,,,,,,,,,,
overcloud-RM18AvrsReadyCompute-8,instance-000042a0,ZTE_RCP_61_CDB_724_L,4,'9','49','54','14',32768,,,,,,,,,,,,,,,,,,,,,,,,,,,,
overcloud-RM18AvrsReadyCompute-8,instance-00004276,ZTE_RCP_61_CDB_784_L,4,'8','48','13','53',32768,,,,,,,,,,,,,,,,,,,,,,,,,,,,
overcloud-RM18AvrsReadyCompute-8,instance-00004312,ZTE_RCP_61_CMP_327_R,4,'28','68','31','71',16384,,,,,,,,,,,,,,,,,,,,,,,,,,,,
overcloud-RM18AvrsReadyCompute-8,instance-00004354,ZTE_RCP_61_CMP_347_R,4,'33','73','26','66',16384,,,,,,,,,,,,,,,,,,,,,,,,,,,,
overcloud-RM18AvrsReadyCompute-8,instance-00004387,ZTE_RCP_61_CMP_362_L,4,'38','78','37','77',16384,,,,,,,,,,,,,,,,,,,,,,,,,,,,
overcloud-RM18AvrsReadyCompute-8,instance-00004396,ZTE_RCP_61_CMP_376_L,4,'70','30','29','69',16384,,,,,,,,,,,,,,,,,,,,,,,,,,,,
overcloud-RM18AvrsReadyCompute-8,instance-00004237,ZTE_RCP_61_GDB_107_R,4,'18','58','52','12',16384,,,,,,,,,,,,,,,,,,,,,,,,,,,,
overcloud-RM18AvrsReadyCompute-1,instance-000032c8,vDSCTB01_SDAU_1,4,'8','48','13','53',8192,,,,,,,,,,,,,,,,,,,,,,,,,,,,
overcloud-RM18AvrsReadyCompute-1,instance-00004240,ZTE_RCP_61_CDB_700_L,4,'18','58','12','52',32768,,,,,,,,,,,,,,,,,,,,,,,,,,,,
overcloud-RM18AvrsReadyCompute-1,instance-000042a6,ZTE_RCP_61_CDB_736_L,4,'9','49','54','14',32768,,,,,,,,,,,,,,,,,,,,,,,,,,,,
overcloud-RM18AvrsReadyCompute-1,instance-000042a3,ZTE_RCP_61_CDB_742_L,4,'28','68','31','71',32768,,,,,,,,,,,,,,,,,,,,,,,,,,,,
overcloud-RM18AvrsReadyCompute-1,instance-0000435a,ZTE_RCP_61_CMP_353_R,4,'43','3','5','45',16384,,,,,,,,,,,,,,,,,,,,,,,,,,,,
overcloud-RM18AvrsReadyCompute-1,instance-00004390,ZTE_RCP_61_CMP_366_L,4,'33','73','26','66',16384,,,,,,,,,,,,,,,,,,,,,,,,,,,,
overcloud-RM18AvrsReadyCompute-0,instance-000043a5,ZTE_RCP_61_CMP_374_L,4,'30','70','29','69',16384,,,,,,,,,,,,,,,,,,,,,,,,,,,,
overcloud-RM18AvrsReadyCompute-0,instance-0000438a,ZTE_RCP_61_CMP_365_R,4,'78','38','37','77',16384,,,,,,,,,,,,,,,,,,,,,,,,,,,,
overcloud-RM18AvrsReadyCompute-0,instance-00004336,ZTE_RCP_61_CMP_345_R,4,'33','73','26','66',16384,,,,,,,,,,,,,,,,,,,,,,,,,,,,
overcloud-RM18AvrsReadyCompute-0,instance-00004303,ZTE_RCP_61_CMP_317_R,4,'68','28','71','31',16384,,,,,,,,,,,,,,,,,,,,,,,,,,,,
overcloud-RM18AvrsReadyCompute-0,instance-00004288,ZTE_RCP_61_CDB_760_L,4,'9','49','54','14',32768,,,,,,,,,,,,,,,,,,,,,,,,,,,,
overcloud-RM18AvrsReadyCompute-0,instance-0000422b,ZTE_RCP_61_GDB_100_L,4,'8','48','13','53',16384,,,,,,,,,,,,,,,,,,,,,,,,,,,,
overcloud-RM18AvrsReadyCompute-0,instance-00004228,ZTE_RCP_61_GDB_108_L,4,'18','58','52','12',16384,,,,,,,,,,,,,,,,,,,,,,,,,,,,
overcloud-RM18AvrsReadyCompute-3,instance-0000437b,ZTE_RCP_61_CMP_360_L,4,'78','38','37','77',16384,,,,,,,,,,,,,,,,,,,,,,,,,,,,
overcloud-RM18AvrsReadyCompute-3,instance-00004348,ZTE_RCP_61_CMP_344_L,4,'33','73','26','66',16384,,,,,,,,,,,,,,,,,,,,,,,,,,,,
overcloud-RM18AvrsReadyCompute-3,instance-000042ee,ZTE_RCP_61_CMP_316_L,4,'68','28','71','31',16384,,,,,,,,,,,,,,,,,,,,,,,,,,,,
overcloud-RM18AvrsReadyCompute-3,instance-000042e5,ZTE_RCP_61_CMP_310_L,4,'3','43','5','45',16384,,,,,,,,,,,,,,,,,,,,,,,,,,,,
overcloud-RM18AvrsReadyCompute-3,instance-0000429d,ZTE_RCP_61_CDB_748_L,4,'9','49','54','14',32768,,,,,,,,,,,,,,,,,,,,,,,,,,,,
overcloud-RM18AvrsReadyCompute-3,instance-0000426d,ZTE_RCP_61_IPI_9_R,4,'8','48','13','53',16384,,,,,,,,,,,,,,,,,,,,,,,,,,,,
overcloud-RM18AvrsReadyCompute-3,instance-00004225,ZTE_RCP_61_GDB_105_R,4,'18','58','52','12',16384,,,,,,,,,,,,,,,,,,,,,,,,,,,,
overcloud-RM18AvrsReadyCompute-2,instance-00004399,ZTE_RCP_61_CMP_375_R,4,'30','70','29','69',16384,,,,,,,,,,,,,,,,,,,,,,,,,,,,
overcloud-RM18AvrsReadyCompute-2,instance-00004384,ZTE_RCP_61_CMP_367_R,4,'78','38','37','77',16384,,,,,,,,,,,,,,,,,,,,,,,,,,,,
overcloud-RM18AvrsReadyCompute-2,instance-00004324,ZTE_RCP_61_CMP_334_L,4,'33','73','26','66',16384,,,,,,,,,,,,,,,,,,,,,,,,,,,,
overcloud-RM18AvrsReadyCompute-2,instance-0000430c,ZTE_RCP_61_CMP_322_L,4,'68','28','71','31',16384,,,,,,,,,,,,,,,,,,,,,,,,,,,,
overcloud-RM18AvrsReadyCompute-2,instance-000042d3,ZTE_RCP_61_CMP_304_L,4,'16','56','4','44',16384,,,,,,,,,,,,,,,,,,,,,,,,,,,,
overcloud-RM18AvrsReadyCompute-2,instance-00004285,ZTE_RCP_61_CDB_781_R,4,'43','3','5','45',32768,,,,,,,,,,,,,,,,,,,,,,,,,,,,
overcloud-RM18AvrsReadyCompute-2,instance-00004243,ZTE_RCP_61_SMP_51_R,4,'18','58','12','52',16384,,,,,,,,,,,,,,,,,,,,,,,,,,,,
overcloud-RM18AvrsReadyCompute-5,instance-00003751,vDSCTB01_SSAP2_0,8,'18','58','52','12','8','48','13','53',16384,,,,,,,,,,,,,,,,,,,,,,,,
overcloud-RM18AvrsReadyCompute-5,instance-000042c7,ZTE_RCP_61_CDB_709_R,4,'28','68','31','71',32768,,,,,,,,,,,,,,,,,,,,,,,,,,,,
overcloud-RM18AvrsReadyCompute-5,instance-0000428b,ZTE_RCP_61_CDB_754_L,4,'43','3','5','45',32768,,,,,,,,,,,,,,,,,,,,,,,,,,,,
overcloud-RM18AvrsReadyCompute-5,instance-0000433c,ZTE_RCP_61_CMP_343_R,4,'16','56','44','4',16384,,,,,,,,,,,,,,,,,,,,,,,,,,,,
overcloud-RM18AvrsReadyCompute-5,instance-00004369,ZTE_RCP_61_CMP_356_L,4,'33','73','26','66',16384,,,,,,,,,,,,,,,,,,,,,,,,,,,,
overcloud-RM18AvrsReadyCompute-5,instance-000043a2,ZTE_RCP_61_CMP_371_R,4,'78','38','37','77',16384,,,,,,,,,,,,,,,,,,,,,,,,,,,,
overcloud-RM18AvrsReadyCompute-5,instance-00004249,ZTE_RCP_61_OMP_L,4,'9','49','14','54',16384,,,,,,,,,,,,,,,,,,,,,,,,,,,,
overcloud-RM18AvrsReadyCompute-4,instance-0000424f,ZTE_RCP_61_IPI_11_R,4,'13','53','9','49',16384,,,,,,,,,,,,,,,,,,,,,,,,,,,,
overcloud-RM18AvrsReadyCompute-4,instance-0000429a,ZTE_RCP_61_CDB_751_R,4,'14','54','3','43',32768,,,,,,,,,,,,,,,,,,,,,,,,,,,,
overcloud-RM18AvrsReadyCompute-4,instance-000042dc,ZTE_RCP_61_CMP_311_R,4,'5','45','16','56',16384,,,,,,,,,,,,,,,,,,,,,,,,,,,,
overcloud-RM18AvrsReadyCompute-4,instance-00004321,ZTE_RCP_61_CMP_332_L,4,'28','68','31','71',16384,,,,,,,,,,,,,,,,,,,,,,,,,,,,
overcloud-RM18AvrsReadyCompute-4,instance-00004357,ZTE_RCP_61_CMP_351_R,4,'33','73','26','66',16384,,,,,,,,,,,,,,,,,,,,,,,,,,,,
overcloud-RM18AvrsReadyCompute-4,instance-00004393,ZTE_RCP_61_CMP_368_L,4,'38','78','37','77',16384,,,,,,,,,,,,,,,,,,,,,,,,,,,,
overcloud-RM18AvrsReadyCompute-4,instance-00004252,ZTE_RCP_61_OMM_L,2,'8','48',8192,,,,,,,,,,,,,,,,,,,,,,,,,,,,,,
overcloud-RM18AvrsReadyCompute-4,instance-00004222,ZTE_RCP_61_SMP_53_R,4,'18','58','52','12',16384,,,,,,,,,,,,,,,,,,,,,,,,,,,,
overcloud-RM18AvrsReadyCompute-7,instance-000043e4,vDSCTB01_SSAP2_1,8,'18','58','52','12','8','48','13','53',16384,,,,,,,,,,,,,,,,,,,,,,,,
overcloud-RM18AvrsReadyCompute-6,instance-00004297,ZTE_RCP_61_CDB_763_R,4,'9','49','54','14',32768,,,,,,,,,,,,,,,,,,,,,,,,,,,,
overcloud-RM18AvrsReadyCompute-6,instance-000042cd,ZTE_RCP_61_CMP_303_R,4,'3','43','5','45',16384,,,,,,,,,,,,,,,,,,,,,,,,,,,,
overcloud-RM18AvrsReadyCompute-6,instance-000042fd,ZTE_RCP_61_CMP_314_L,4,'33','73','26','66',16384,,,,,,,,,,,,,,,,,,,,,,,,,,,,
overcloud-RM18AvrsReadyCompute-6,instance-000042f7,ZTE_RCP_61_CMP_318_L,4,'68','28','71','31',16384,,,,,,,,,,,,,,,,,,,,,,,,,,,,
overcloud-RM18AvrsReadyCompute-6,instance-00004378,ZTE_RCP_61_CMP_355_R,4,'78','38','37','77',16384,,,,,,,,,,,,,,,,,,,,,,,,,,,,
overcloud-RM18AvrsReadyCompute-6,instance-0000421c,ZTE_RCP_61_GDB_101_R,4,'18','58','52','12',16384,,,,,,,,,,,,,,,,,,,,,,,,,,,,
overcloud-RM18AvrsReadyCompute-6,instance-00004267,ZTE_RCP_61_IPI_6_L,4,'8','48','13','53',16384,,,,,,,,,,,,,,,,,,,,,,,,,,,,
overcloud-AvrsReadyCompute-46,instance-0000114c,ZTE_MSCS_71_SPU_8_S,8,'43','7','16','52','2','38','8','44',28672,,,,,,,,,,,,,,,,,,,,,,,,
overcloud-AvrsReadyCompute-46,instance-000005c1,vDSCTB01_OMU_OMUBIG_1,8,'9','45','3','39','48','12','49','13',16384,,,,,,,,,,,,,,,,,,,,,,,,
overcloud-AvrsReadyCompute-46,instance-00002ca7,ZTE_MSCS_74_SPU_9_S,8,'24','60','33','69','67','31','66','30',28672,,,,,,,,,,,,,,,,,,,,,,,,
overcloud-AvrsReadyCompute-46,instance-000010fb,ZTE_MSCS_71_SPU_1_S,8,'50','14','51','15','11','47','42','6',28672,,,,,,,,,,,,,,,,,,,,,,,,
overcloud-AvrsReadyCompute-46,instance-00001134,ZTE_MSCS_71_OMP_R,2,'10','46',6144,,,,,,,,,,,,,,,,,,,,,,,,,,,,,,
overcloud-AvrsReadyCompute-46,instance-00001182,ZTE_MSCS_71_CDN_4_L,4,'65','29','34','70',34816,,,,,,,,,,,,,,,,,,,,,,,,,,,,
overcloud-AvrsReadyCompute-47,instance-00001257,vDRA_ISB_SDAU_5,4,'43','7','16','52',8192,,,,,,,,,,,,,,,,,,,,,,,,,,,,
overcloud-AvrsReadyCompute-47,instance-00001724,ZTE_MSCS_73_CDN_4_R,4,'65','29','34','70',34816,,,,,,,,,,,,,,,,,,,,,,,,,,,,
overcloud-AvrsReadyCompute-47,instance-00002ca4,ZTE_MSCS_74_SPU_11_S,8,'26','62','35','71','25','61','64','28',28672,,,,,,,,,,,,,,,,,,,,,,,,
overcloud-AvrsReadyCompute-47,instance-000017f3,ZTE_MSCS_73_SPU_16_S,8,'50','14','51','15','10','46','11','47',28672,,,,,,,,,,,,,,,,,,,,,,,,
overcloud-AvrsReadyCompute-47,instance-0000372d,ZTE_vUSPP_45_CMP_2,8,'42','6','41','5','9','45','3','39',24576,,,,,,,,,,,,,,,,,,,,,,,,
overcloud-AvrsReadyCompute-47,instance-000038da,ZTE_vUSPP_45_PDSA_25,8,'24','60','33','69','67','31','66','30',24576,,,,,,,,,,,,,,,,,,,,,,,,
overcloud-AvrsReadyCompute-47,instance-00001254,vDRA_ISB_SDAU_1,4,'2','38','8','44',8192,,,,,,,,,,,,,,,,,,,,,,,,,,,,
overcloud-AvrsReadyCompute-45,instance-00001101,ZTE_MSCS_71_SIPI_1_S,4,'43','7','16','52',4096,,,,,,,,,,,,,,,,,,,,,,,,,,,,
overcloud-AvrsReadyCompute-45,instance-00001149,ZTE_MSCS_71_SPU_11_S,8,'42','6','41','5','9','45','3','39',28672,,,,,,,,,,,,,,,,,,,,,,,,
overcloud-AvrsReadyCompute-45,instance-0000111c,ZTE_MSCS_71_SPU_3_S,8,'50','14','51','15','10','46','11','47',28672,,,,,,,,,,,,,,,,,,,,,,,,
overcloud-AvrsReadyCompute-45,instance-00001110,ZTE_MSCS_71_VMP_3_S,4,'2','38','8','44',14336,,,,,,,,,,,,,,,,,,,,,,,,,,,,
overcloud-AvrsReadyCompute-45,instance-0000117c,ZTE_MSCS_71_CDN_5_R,4,'65','29','34','70',34816,,,,,,,,,,,,,,,,,,,,,,,,,,,,
overcloud-AvrsReadyCompute-45,instance-00001116,ZTE_MSCS_71_VMP_2_S,4,'48','12','49','13',14336,,,,,,,,,,,,,,,,,,,,,,,,,,,,
overcloud-AvrsReadyCompute-45,instance-00001146,ZTE_MSCS_71_SPU_12_S,8,'24','60','33','69','67','31','66','30',28672,,,,,,,,,,,,,,,,,,,,,,,,
overcloud-AvrsReadyCompute-42,instance-00002c92,ZTE_MSCS_74_SPU_6_S,8,'43','7','16','52','2','38','8','44',28672,,,,,,,,,,,,,,,,,,,,,,,,
overcloud-AvrsReadyCompute-42,instance-000010f5,ZTE_MSCS_71_CDN_1_R,4,'50','14','51','15',34816,,,,,,,,,,,,,,,,,,,,,,,,,,,,
overcloud-AvrsReadyCompute-42,instance-0000118e,ZTE_MSCS_71_CDN_3_L,4,'65','29','34','70',34816,,,,,,,,,,,,,,,,,,,,,,,,,,,,
overcloud-AvrsReadyCompute-42,instance-00002c98,ZTE_MSCS_74_VMP_2_S,4,'10','46','11','47',14336,,,,,,,,,,,,,,,,,,,,,,,,,,,,
overcloud-AvrsReadyCompute-42,instance-000043e7,vDSCTB01_SDAU_0,4,'25','61','64','28',8192,,,,,,,,,,,,,,,,,,,,,,,,,,,,
overcloud-AvrsReadyCompute-42,instance-00003757,vDSCTB01_SS7U_0,4,'10','46','11','47',8192,,,,,,,,,,,,,,,,,,,,,,,,,,,,
overcloud-AvrsReadyCompute-42,instance-0000113d,ZTE_MSCS_71_SPU_14_S,8,'24','60','33','69','67','31','66','30',28672,,,,,,,,,,,,,,,,,,,,,,,,
overcloud-AvrsReadyCompute-43,instance-0000113a,ZTE_MSCS_71_SPU_10_S,8,'43','7','16','52','2','38','8','44',28672,,,,,,,,,,,,,,,,,,,,,,,,
overcloud-AvrsReadyCompute-43,instance-00004425,vSPSTB01_CloudDB_SPSCDBPID3_VDU2_0,8,'43','7','16','52','2','38','8','44',24576,,,,,,,,,,,,,,,,,,,,,,,,
overcloud-AvrsReadyCompute-43,instance-0000166e,vDRA_ISB_SSAP1_7,8,'50','14','51','15','10','46','11','47',16384,,,,,,,,,,,,,,,,,,,,,,,,
overcloud-AvrsReadyCompute-40,instance-0000441f,vSPSTB01_CloudDB_SPSCDBNPRSUF_VDU1_0,8,'50','14','51','15','10','46','11','47',49152,,,,,,,,,,,,,,,,,,,,,,,,
overcloud-AvrsReadyCompute-40,instance-0000441c,vSPSTB01_CloudDB_SPSCDBPID3_VDU1_0,8,'43','7','16','52','2','38','8','44',24576,,,,,,,,,,,,,,,,,,,,,,,,
overcloud-AvrsReadyCompute-40,instance-000016c7,ZTE_MSCS_73_OMM_R,4,'9','45','3','39',8192,,,,,,,,,,,,,,,,,,,,,,,,,,,,
overcloud-AvrsReadyCompute-40,instance-000017c0,ZTE_MSCS_73_SPU_8_S,8,'48','12','49','13','17','53','40','4',28672,,,,,,,,,,,,,,,,,,,,,,,,
overcloud-AvrsReadyCompute-40,instance-00001805,ZTE_MSCS_72_SPU_7_S,8,'65','29','34','70','24','60','33','69',28672,,,,,,,,,,,,,,,,,,,,,,,,
overcloud-AvrsReadyCompute-40,instance-00001760,ZTE_MSCS_72_SIPI_2_S,4,'42','6','41','5',4096,,,,,,,,,,,,,,,,,,,,,,,,,,,,
overcloud-AvrsReadyCompute-41,instance-0000122d,vDRA_ISB_SSAP1_0,8,'43','7','16','52','2','38','8','44',16384,,,,,,,,,,,,,,,,,,,,,,,,
overcloud-AvrsReadyCompute-41,instance-0000123c,vDRA_ISB_SSAP1_2,8,'50','14','51','15','10','46','11','47',16384,,,,,,,,,,,,,,,,,,,,,,,,
overcloud-AvrsReadyCompute-41,instance-00001823,ZTE_MSCS_72_SPU_14_S,8,'65','29','34','70','24','60','33','69',28672,,,,,,,,,,,,,,,,,,,,,,,,
overcloud-AvrsReadyCompute-41,instance-00002c8f,ZTE_MSCS_74_SIPI_3_S,4,'17','53','40','4',4096,,,,,,,,,,,,,,,,,,,,,,,,,,,,
overcloud-AvrsReadyCompute-41,instance-0000174b,ZTE_MSCS_72_OMM_L,4,'42','6','41','5',8192,,,,,,,,,,,,,,,,,,,,,,,,,,,,
overcloud-AvrsReadyCompute-41,instance-0000176c,ZTE_MSCS_72_SPU_3_S,8,'9','45','3','39','48','12','49','13',28672,,,,,,,,,,,,,,,,,,,,,,,,
overcloud-AvrsReadyCompute-41,instance-000038ce,ZTE_vUSPP_45_PDSA_21,8,'67','31','66','30','26','62','35','71',24576,,,,,,,,,,,,,,,,,,,,,,,,
overcloud-AvrsReadyCompute-41,instance-00002cd4,ZTE_MSCS_74_CDN_4_L,4,'25','61','64','28',34816,,,,,,,,,,,,,,,,,,,,,,,,,,,,
overcloud-AvrsReadyCompute-0,instance-0000164d,vDRA_ISB_SDAU_2,4,'43','7','16','52',8192,,,,,,,,,,,,,,,,,,,,,,,,,,,,
overcloud-AvrsReadyCompute-0,instance-000017a8,ZTE_MSCS_72_CDN_5_R,4,'2','38','8','44',34816,,,,,,,,,,,,,,,,,,,,,,,,,,,,
overcloud-AvrsReadyCompute-0,instance-00002cbf,ZTE_MSCS_74_SPU_20_S,8,'26','62','35','71','25','61','64','28',28672,,,,,,,,,,,,,,,,,,,,,,,,
overcloud-AvrsReadyCompute-0,instance-000038e6,ZTE_vUSPP_45_PDSA_29,8,'24','60','33','69','67','31','66','30',24576,,,,,,,,,,,,,,,,,,,,,,,,
overcloud-AvrsReadyCompute-0,instance-00001721,ZTE_MSCS_73_CDN_4_L,4,'65','29','34','70',34816,,,,,,,,,,,,,,,,,,,,,,,,,,,,
overcloud-AvrsReadyCompute-0,instance-000016dc,ZTE_MSCS_73_SPU_2_S,8,'10','46','11','47','42','6','41','5',28672,,,,,,,,,,,,,,,,,,,,,,,,
overcloud-RM18AvrsReadyCompute-20,instance-00004258,ZTE_RCP_61_OMM_R,2,'8','48',8192,,,,,,,,,,,,,,,,,,,,,,,,,,,,,,
overcloud-RM18AvrsReadyCompute-20,instance-0000442d,ZTE_RCP_61_CDB_757_R,4,'18','58','12','52',32768,,,,,,,,,,,,,,,,,,,,,,,,,,,,
overcloud-RM18AvrsReadyCompute-21,instance-00004282,ZTE_RCP_61_CDB_772_L,4,'43','3','5','45',32768,,,,,,,,,,,,,,,,,,,,,,,,,,,,
overcloud-RM18AvrsReadyCompute-21,instance-0000423d,ZTE_RCP_61_CMP_301_R,4,'18','58','12','52',16384,,,,,,,,,,,,,,,,,,,,,,,,,,,,
overcloud-RM18AvrsReadyCompute-21,instance-000042ca,ZTE_RCP_61_CMP_302_L,4,'16','56','4','44',16384,,,,,,,,,,,,,,,,,,,,,,,,,,,,
overcloud-RM18AvrsReadyCompute-21,instance-000042eb,ZTE_RCP_61_CMP_312_L,4,'68','28','71','31',16384,,,,,,,,,,,,,,,,,,,,,,,,,,,,
overcloud-RM18AvrsReadyCompute-21,instance-00004345,ZTE_RCP_61_CMP_339_R,4,'33','73','26','66',16384,,,,,,,,,,,,,,,,,,,,,,,,,,,,
overcloud-RM18AvrsReadyCompute-21,instance-00004342,ZTE_RCP_61_CMP_340_L,4,'78','38','37','77',16384,,,,,,,,,,,,,,,,,,,,,,,,,,,,
overcloud-RM18AvrsReadyCompute-21,instance-000032c2,vDSCTB01_SSAP1_1,8,'8','48','13','53','9','49','14','54',16384,,,,,,,,,,,,,,,,,,,,,,,,
overcloud-RM18AvrsReadyCompute-22,instance-0000437e,ZTE_RCP_61_CMP_363_R,4,'33','73','26','66',16384,,,,,,,,,,,,,,,,,,,,,,,,,,,,
overcloud-RM18AvrsReadyCompute-22,instance-00004381,ZTE_RCP_61_CMP_364_L,4,'78','38','37','77',16384,,,,,,,,,,,,,,,,,,,,,,,,,,,,
overcloud-RM18AvrsReadyCompute-22,instance-000042bb,ZTE_RCP_61_CDB_721_R,4,'14','54','3','43',32768,,,,,,,,,,,,,,,,,,,,,,,,,,,,
overcloud-RM18AvrsReadyCompute-22,instance-000042b8,ZTE_RCP_61_CDB_712_L,4,'68','28','71','31',32768,,,,,,,,,,,,,,,,,,,,,,,,,,,,
overcloud-RM18AvrsReadyCompute-22,instance-00004207,ZTE_RCP_61_SMP_58_L,4,'18','58','52','12',16384,,,,,,,,,,,,,,,,,,,,,,,,,,,,
overcloud-RM18AvrsReadyCompute-22,instance-0000427c,ZTE_RCP_61_CDB_778_L,4,'13','53','9','49',32768,,,,,,,,,,,,,,,,,,,,,,,,,,,,
overcloud-RM18AvrsReadyCompute-23,instance-0000425b,ZTE_RCP_61_IPI_3_R,4,'8','48','13','53',16384,,,,,,,,,,,,,,,,,,,,,,,,,,,,
overcloud-RM18AvrsReadyCompute-23,instance-00004291,ZTE_RCP_61_CDB_769_R,4,'9','49','54','14',32768,,,,,,,,,,,,,,,,,,,,,,,,,,,,
overcloud-RM18AvrsReadyCompute-23,instance-000042d6,ZTE_RCP_61_CMP_305_R,4,'3','43','5','45',16384,,,,,,,,,,,,,,,,,,,,,,,,,,,,
overcloud-RM18AvrsReadyCompute-23,instance-0000432a,ZTE_RCP_61_CMP_337_R,4,'33','73','26','66',16384,,,,,,,,,,,,,,,,,,,,,,,,,,,,
overcloud-RM18AvrsReadyCompute-23,instance-00004351,ZTE_RCP_61_CMP_346_L,4,'78','38','37','77',16384,,,,,,,,,,,,,,,,,,,,,,,,,,,,
overcloud-RM18AvrsReadyCompute-23,instance-0000421f,ZTE_RCP_61_SMP_52_L,4,'18','58','52','12',16384,,,,,,,,,,,,,,,,,,,,,,,,,,,,
overcloud-RM18AvrsReadyCompute-23,instance-0000431b,ZTE_RCP_61_CMP_323_R,4,'68','28','71','31',16384,,,,,,,,,,,,,,,,,,,,,,,,,,,,
overcloud-RM18AvrsReadyCompute-24,instance-0000424c,ZTE_RCP_61_IPI_4_L,4,'9','49','14','54',16384,,,,,,,,,,,,,,,,,,,,,,,,,,,,
overcloud-RM18AvrsReadyCompute-24,instance-00004246,ZTE_RCP_61_OMP_R,4,'43','3','5','45',16384,,,,,,,,,,,,,,,,,,,,,,,,,,,,
overcloud-RM18AvrsReadyCompute-24,instance-000042be,ZTE_RCP_61_CDB_706_L,4,'16','56','4','44',32768,,,,,,,,,,,,,,,,,,,,,,,,,,,,
overcloud-RM18AvrsReadyCompute-24,instance-00004372,ZTE_RCP_61_CMP_354_L,4,'78','38','37','77',16384,,,,,,,,,,,,,,,,,,,,,,,,,,,,
overcloud-RM18AvrsReadyCompute-24,instance-0000431e,ZTE_RCP_61_CMP_330_L,4,'33','73','26','66',16384,,,,,,,,,,,,,,,,,,,,,,,,,,,,
overcloud-RM18AvrsReadyCompute-24,instance-000042fa,ZTE_RCP_61_CMP_315_R,4,'68','28','71','31',16384,,,,,,,,,,,,,,,,,,,,,,,,,,,,
overcloud-RM18AvrsReadyCompute-25,instance-00004294,ZTE_RCP_61_CDB_757_R,4,'18','58','52','12',32768,,,,,,,,,,,,,,,,,,,,,,,,,,,,
overcloud-RM18AvrsReadyCompute-25,instance-00004427,ZTE_RCP_61_CMP_306_L,4,'18','58','52','12',16384,,,,,,,,,,,,,,,,,,,,,,,,,,,,
overcloud-AvrsReadyCompute-11,instance-0000112b,ZTE_MSCS_71_SPU_6_S,8,'43','7','16','52','2','38','8','44',28672,,,,,,,,,,,,,,,,,,,,,,,,
overcloud-AvrsReadyCompute-11,instance-0000181d,ZTE_MSCS_72_SPU_20_S,8,'65','29','34','70','24','60','33','69',28672,,,,,,,,,,,,,,,,,,,,,,,,
overcloud-AvrsReadyCompute-11,instance-00001706,ZTE_MSCS_73_OMP_R,2,'50','14',6144,,,,,,,,,,,,,,,,,,,,,,,,,,,,,,
overcloud-AvrsReadyCompute-11,instance-000017e7,ZTE_MSCS_73_SPU_15_S,8,'11','47','42','6','41','5','9','45',28672,,,,,,,,,,,,,,,,,,,,,,,,
overcloud-AvrsReadyCompute-11,instance-000017d8,ZTE_MSCS_73_VMP_3_S,4,'51','15','10','46',14336,,,,,,,,,,,,,,,,,,,,,,,,,,,,
overcloud-AvrsReadyCompute-11,instance-00002ccb,ZTE_MSCS_74_SPU_17_S,8,'25','61','64','28','32','68','27','63',28672,,,,,,,,,,,,,,,,,,,,,,,,
overcloud-AvrsReadyCompute-11,instance-000038e3,ZTE_vUSPP_45_PDSA_28,8,'67','31','66','30','26','62','35','71',24576,,,,,,,,,,,,,,,,,,,,,,,,
overcloud-AvrsReadyCompute-10,instance-000038d1,ZTE_vUSPP_45_PDSA_22,8,'26','62','35','71','25','61','64','28',24576,,,,,,,,,,,,,,,,,,,,,,,,
overcloud-AvrsReadyCompute-10,instance-000010f2,ZTE_MSCS_71_CDN_1_L,4,'43','7','16','52',34816,,,,,,,,,,,,,,,,,,,,,,,,,,,,
overcloud-AvrsReadyCompute-10,instance-00001188,ZTE_MSCS_71_CDN_2_L,4,'67','31','66','30',34816,,,,,,,,,,,,,,,,,,,,,,,,,,,,
overcloud-AvrsReadyCompute-10,instance-00001131,ZTE_MSCS_71_SIPI_4_S,4,'2','38','8','44',4096,,,,,,,,,,,,,,,,,,,,,,,,,,,,
overcloud-AvrsReadyCompute-10,instance-00001152,ZTE_MSCS_71_SPU_16_S,8,'65','29','34','70','24','60','33','69',28672,,,,,,,,,,,,,,,,,,,,,,,,
overcloud-AvrsReadyCompute-10,instance-00001143,ZTE_MSCS_71_SPU_7_S,8,'50','14','51','15','10','46','11','47',28672,,,,,,,,,,,,,,,,,,,,,,,,
overcloud-AvrsReadyCompute-13,instance-00001811,ZTE_MSCS_72_VMP_5_S,4,'43','7','16','52',14336,,,,,,,,,,,,,,,,,,,,,,,,,,,,
overcloud-AvrsReadyCompute-13,instance-00003886,ZTE_vUSPP_45_CMP_7,8,'10','46','11','47','42','6','41','5',24576,,,,,,,,,,,,,,,,,,,,,,,,
overcloud-AvrsReadyCompute-13,instance-0000171e,ZTE_MSCS_73_CDN_5_R,4,'65','29','34','70',34816,,,,,,,,,,,,,,,,,,,,,,,,,,,,
overcloud-AvrsReadyCompute-13,instance-00002caa,ZTE_MSCS_74_SPU_13_S,8,'2','38','51','15','9','45','3','39',28672,,,,,,,,,,,,,,,,,,,,,,,,
overcloud-AvrsReadyCompute-13,instance-000038b0,ZTE_vUSPP_45_PDSA_11,8,'24','60','33','69','67','31','66','30',24576,,,,,,,,,,,,,,,,,,,,,,,,
overcloud-AvrsReadyCompute-13,instance-00003733,ZTE_vUSPP_45_PROV_2,4,'8','44','50','14',12288,,,,,,,,,,,,,,,,,,,,,,,,,,,,
overcloud-AvrsReadyCompute-12,instance-000005be,vDSCTB01_OMU_OMUBIG_0,8,'9','45','3','39','48','12','49','13',16384,,,,,,,,,,,,,,,,,,,,,,,,
overcloud-AvrsReadyCompute-12,instance-00003721,ZTE_vUSPP_45_SMP_2,4,'43','7','16','52',12288,,,,,,,,,,,,,,,,,,,,,,,,,,,,
overcloud-AvrsReadyCompute-12,instance-00003781,ZTE_vUSPP_45_IDSA_18,4,'2','38','8','44',16384,,,,,,,,,,,,,,,,,,,,,,,,,,,,
overcloud-AvrsReadyCompute-12,instance-0000378a,ZTE_vUSPP_45_IDSA_7,4,'50','14','51','15',16384,,,,,,,,,,,,,,,,,,,,,,,,,,,,
overcloud-AvrsReadyCompute-12,instance-000037a5,ZTE_vUSPP_45_IDSA_5,4,'10','46','11','47',16384,,,,,,,,,,,,,,,,,,,,,,,,,,,,
overcloud-AvrsReadyCompute-12,instance-0000388f,ZTE_vUSPP_45_CMP_17,8,'67','31','66','30','26','62','35','71',24576,,,,,,,,,,,,,,,,,,,,,,,,
overcloud-AvrsReadyCompute-12,instance-000038bf,ZTE_vUSPP_45_PDSA_16,8,'25','61','64','28','32','68','27','63',24576,,,,,,,,,,,,,,,,,,,,,,,,
overcloud-AvrsReadyCompute-12,instance-0000113a,ZTE_MSCS_71_SPU_10_S,8,'65','29','34','70','24','60','33','69',28672,,,,,,,,,,,,,,,,,,,,,,,,
overcloud-AvrsReadyCompute-15,instance-00002cbc,ZTE_MSCS_74_SPU_15_S,8,'25','61','64','28','32','68','27','63',28672,,,,,,,,,,,,,,,,,,,,,,,,
overcloud-AvrsReadyCompute-15,instance-0000379f,ZTE_vUSPP_45_IDSA_21,4,'50','14','51','15',16384,,,,,,,,,,,,,,,,,,,,,,,,,,,,
overcloud-AvrsReadyCompute-15,instance-00003889,ZTE_vUSPP_45_CMP_8,8,'65','29','34','70','24','60','33','69',24576,,,,,,,,,,,,,,,,,,,,,,,,
overcloud-AvrsReadyCompute-15,instance-000037e7,ZTE_vUSPP_45_CMP_11,8,'10','46','11','47','42','6','41','5',24576,,,,,,,,,,,,,,,,,,,,,,,,
overcloud-AvrsReadyCompute-15,instance-00003727,ZTE_vUSPP_45_PROV_4,4,'43','7','16','52',12288,,,,,,,,,,,,,,,,,,,,,,,,,,,,
overcloud-AvrsReadyCompute-15,instance-000038b3,ZTE_vUSPP_45_PDSA_12,8,'67','31','66','30','26','62','35','71',24576,,,,,,,,,,,,,,,,,,,,,,,,
overcloud-AvrsReadyCompute-15,instance-00003784,ZTE_vUSPP_45_IDSA_17,4,'2','38','8','44',16384,,,,,,,,,,,,,,,,,,,,,,,,,,,,
overcloud-AvrsReadyCompute-14,instance-00002c65,ZTE_MSCS_74_VMP_1_S,4,'32','68','27','63',14336,,,,,,,,,,,,,,,,,,,,,,,,,,,,
overcloud-AvrsReadyCompute-14,instance-0000375a,vDSCTB01_SS7U_1,4,'10','46','11','47',8192,,,,,,,,,,,,,,,,,,,,,,,,,,,,
overcloud-AvrsReadyCompute-14,instance-000037d8,ZTE_vUSPP_45_CMP_4,8,'67','31','66','30','26','62','35','71',24576,,,,,,,,,,,,,,,,,,,,,,,,
overcloud-AvrsReadyCompute-14,instance-00003790,ZTE_vUSPP_45_IDSA_10,4,'9','45','3','39',16384,,,,,,,,,,,,,,,,,,,,,,,,,,,,
overcloud-AvrsReadyCompute-14,instance-000037b4,ZTE_vUSPP_45_IDSA_13,4,'17','53','40','4',16384,,,,,,,,,,,,,,,,,,,,,,,,,,,,
overcloud-AvrsReadyCompute-14,instance-0000377b,ZTE_vUSPP_45_IDSA_15,4,'42','6','41','5',16384,,,,,,,,,,,,,,,,,,,,,,,,,,,,
overcloud-AvrsReadyCompute-14,instance-000037a2,ZTE_vUSPP_45_IDSA_22,4,'48','12','49','13',16384,,,,,,,,,,,,,,,,,,,,,,,,,,,,
overcloud-AvrsReadyCompute-14,instance-00003712,ZTE_vUSPP_45_SMP_1,4,'43','7','16','52',12288,,,,,,,,,,,,,,,,,,,,,,,,,,,,
overcloud-AvrsReadyCompute-14,instance-000037c6,ZTE_vUSPP_45_SMP_10,4,'24','60','33','69',12288,,,,,,,,,,,,,,,,,,,,,,,,,,,,
overcloud-AvrsReadyCompute-14,instance-000037bd,ZTE_vUSPP_45_SMP_5,4,'65','29','34','70',12288,,,,,,,,,,,,,,,,,,,,,,,,,,,,
overcloud-AvrsReadyCompute-17,instance-00001769,ZTE_MSCS_72_SIPI_3_S,4,'9','45','3','39',4096,,,,,,,,,,,,,,,,,,,,,,,,,,,,
overcloud-AvrsReadyCompute-17,instance-00001826,ZTE_MSCS_72_SPU_19_S,8,'65','29','34','70','24','60','33','69',28672,,,,,,,,,,,,,,,,,,,,,,,,
overcloud-AvrsReadyCompute-17,instance-00001763,ZTE_MSCS_72_SPU_2_S,8,'10','46','11','47','42','6','41','5',28672,,,,,,,,,,,,,,,,,,,,,,,,
overcloud-AvrsReadyCompute-17,instance-00001739,ZTE_MSCS_72_VMP_1_S,4,'50','14','51','15',14336,,,,,,,,,,,,,,,,,,,,,,,,,,,,
overcloud-AvrsReadyCompute-17,instance-000016af,ZTE_MSCS_73_VMP_1_S,4,'2','38','8','44',14336,,,,,,,,,,,,,,,,,,,,,,,,,,,,
overcloud-AvrsReadyCompute-17,instance-00002c9b,ZTE_MSCS_74_VMP_4_S,4,'48','12','49','13',14336,,,,,,,,,,,,,,,,,,,,,,,,,,,,
overcloud-AvrsReadyCompute-17,instance-00002ce0,ZTE_MSCS_74_CDN_2_R,4,'25','61','64','28',34816,,,,,,,,,,,,,,,,,,,,,,,,,,,,
overcloud-AvrsReadyCompute-17,instance-000038f2,ZTE_vUSPP_45_PDSA_33,8,'67','31','66','30','26','62','35','71',24576,,,,,,,,,,,,,,,,,,,,,,,,
overcloud-AvrsReadyCompute-16,instance-00001230,vDRA_ISB_SSAP1_4,8,'42','6','41','5','9','45','3','39',16384,,,,,,,,,,,,,,,,,,,,,,,,
overcloud-AvrsReadyCompute-16,instance-00001242,vDRA_ISB_SDAU_10,4,'43','7','16','52',8192,,,,,,,,,,,,,,,,,,,,,,,,,,,,
overcloud-AvrsReadyCompute-16,instance-000016b8,ZTE_MSCS_73_OMP_L,2,'51','15',6144,,,,,,,,,,,,,,,,,,,,,,,,,,,,,,
overcloud-AvrsReadyCompute-16,instance-000016bb,ZTE_MSCS_73_SIPI_1_S,4,'8','44','50','14',4096,,,,,,,,,,,,,,,,,,,,,,,,,,,,
overcloud-AvrsReadyCompute-16,instance-00001733,vDRA_ISB_SDAU_0,4,'10','46','11','47',8192,,,,,,,,,,,,,,,,,,,,,,,,,,,,
overcloud-AvrsReadyCompute-16,instance-00001754,ZTE_MSCS_72_OMP_R,2,'2','38',6144,,,,,,,,,,,,,,,,,,,,,,,,,,,,,,
overcloud-AvrsReadyCompute-16,instance-000017ea,ZTE_MSCS_73_SPU_19_S,8,'48','12','49','13','17','53','40','4',28672,,,,,,,,,,,,,,,,,,,,,,,,
overcloud-AvrsReadyCompute-16,instance-00002c71,ZTE_MSCS_74_CU_L,8,'26','62','35','71','25','61','64','28',16384,,,,,,,,,,,,,,,,,,,,,,,,
overcloud-AvrsReadyCompute-16,instance-00002cce,ZTE_MSCS_74_CDN_5_R,4,'32','68','27','63',34816,,,,,,,,,,,,,,,,,,,,,,,,,,,,
overcloud-AvrsReadyCompute-16,instance-000038c5,ZTE_vUSPP_45_PDSA_18,8,'65','29','34','70','24','60','33','69',24576,,,,,,,,,,,,,,,,,,,,,,,,
overcloud-AvrsReadyCompute-19,instance-00001632,vDRA_ISB_SSAP1_3,8,'43','7','16','52','2','38','8','44',16384,,,,,,,,,,,,,,,,,,,,,,,,
overcloud-AvrsReadyCompute-19,instance-00002c68,ZTE_MSCS_74_SPU_1_S,8,'67','31','66','30','26','62','35','71',28672,,,,,,,,,,,,,,,,,,,,,,,,
overcloud-AvrsReadyCompute-19,instance-0000174e,ZTE_MSCS_72_CU_R,8,'50','14','51','15','10','46','11','47',16384,,,,,,,,,,,,,,,,,,,,,,,,
overcloud-AvrsReadyCompute-19,instance-000017c9,ZTE_MSCS_73_SPU_9_S,8,'48','12','49','13','17','53','40','4',28672,,,,,,,,,,,,,,,,,,,,,,,,
overcloud-AvrsReadyCompute-19,instance-0000389b,ZTE_vUSPP_45_PDSA_4,8,'65','29','34','70','24','60','33','69',24576,,,,,,,,,,,,,,,,,,,,,,,,
overcloud-AvrsReadyCompute-19,instance-000017c6,ZTE_MSCS_73_SPU_11_S,8,'42','6','41','5','9','45','3','39',28672,,,,,,,,,,,,,,,,,,,,,,,,
overcloud-AvrsReadyCompute-18,instance-00001179,ZTE_MSCS_71_CDN_5_L,4,'65','29','34','70',34816,,,,,,,,,,,,,,,,,,,,,,,,,,,,
overcloud-AvrsReadyCompute-18,instance-00001155,ZTE_MSCS_71_SPU_20_S,8,'42','6','41','5','9','45','3','39',28672,,,,,,,,,,,,,,,,,,,,,,,,
overcloud-AvrsReadyCompute-18,instance-0000111f,ZTE_MSCS_71_SPU_4_S,8,'50','14','51','15','10','46','11','47',28672,,,,,,,,,,,,,,,,,,,,,,,,
overcloud-AvrsReadyCompute-18,instance-000010f8,ZTE_MSCS_71_VMP_1_S,4,'43','7','16','52',14336,,,,,,,,,,,,,,,,,,,,,,,,,,,,
overcloud-AvrsReadyCompute-18,instance-0000110d,ZTE_MSCS_71_OMM_L,4,'2','38','8','44',8192,,,,,,,,,,,,,,,,,,,,,,,,,,,,
overcloud-AvrsReadyCompute-18,instance-00002c7a,ZTE_MSCS_74_OMM_R,4,'48','12','49','13',8192,,,,,,,,,,,,,,,,,,,,,,,,,,,,
overcloud-AvrsReadyCompute-18,instance-000038ec,ZTE_vUSPP_45_PDSA_31,8,'26','62','35','71','25','61','64','28',24576,,,,,,,,,,,,,,,,,,,,,,,,
overcloud-AvrsReadyCompute-18,instance-00002c77,ZTE_MSCS_74_CU_R,8,'24','60','33','69','67','31','66','30',16384,,,,,,,,,,,,,,,,,,,,,,,,
overcloud-OvsCompute-15,instance-00002ce9,SMVNF103-eir103sm01,6,6144,,,,,,,,,,,,,,,,,,,,,,,,,,,,,,,,
overcloud-OvsCompute-15,instance-000032a4,eir103-eir103er04,6,8192,,,,,,,,,,,,,,,,,,,,,,,,,,,,,,,,
overcloud-OvsCompute-15,instance-000032b0,eir103-eir103dr06,6,8192,,,,,,,,,,,,,,,,,,,,,,,,,,,,,,,,
overcloud-OvsCompute-15,instance-000032b3,eir103-eir103dr03,6,8192,,,,,,,,,,,,,,,,,,,,,,,,,,,,,,,,
overcloud-OvsCompute-15,instance-000043bd,enm103ed02,8,32768,,,,,,,,,,,,,,,,,,,,,,,,,,,,,,,,
overcloud-OvsCompute-15,instance-000043c0,enm103ed01,8,32768,,,,,,,,,,,,,,,,,,,,,,,,,,,,,,,,
overcloud-OvsCompute-13,instance-0000013e,Nessus_NEP,8,8192,,,,,,,,,,,,,,,,,,,,,,,,,,,,,,,,
overcloud-OvsCompute-13,instance-00000114,Vulnerability_Scanner_VM,2,4096,,,,,,,,,,,,,,,,,,,,,,,,,,,,,,,,
overcloud-OvsCompute-13,instance-00001a79,ISVNF-Is,3,3072,,,,,,,,,,,,,,,,,,,,,,,,,,,,,,,,
overcloud-OvsCompute-13,instance-000032aa,eir103-eir103er02,6,8192,,,,,,,,,,,,,,,,,,,,,,,,,,,,,,,,
overcloud-OvsCompute-13,instance-000032a7,eir103-eir103er01,6,8192,,,,,,,,,,,,,,,,,,,,,,,,,,,,,,,,
overcloud-OvsCompute-13,instance-000032b6,eir103-eir103dr04,6,8192,,,,,,,,,,,,,,,,,,,,,,,,,,,,,,,,
overcloud-OvsCompute-13,instance-000032bc,eir103-eir103dr01,6,8192,,,,,,,,,,,,,,,,,,,,,,,,,,,,,,,,
overcloud-OvsCompute-13,instance-000032b9,eir103-eir103dr05,6,8192,,,,,,,,,,,,,,,,,,,,,,,,,,,,,,,,
overcloud-OvsCompute-13,instance-000043c3,enm103ma01,8,32768,,,,,,,,,,,,,,,,,,,,,,,,,,,,,,,,
overcloud-OvsCompute-5,instance-000018c9,aaa101aa-app-1,24,32768,,,,,,,,,,,,,,,,,,,,,,,,,,,,,,,,
overcloud-OvsCompute-5,instance-000018cf,aaa101aa-oam-0,8,16384,,,,,,,,,,,,,,,,,,,,,,,,,,,,,,,,
overcloud-OvsCompute-5,instance-000032ad,eir103-eir103er03,6,8192,,,,,,,,,,,,,,,,,,,,,,,,,,,,,,,,
overcloud-OvsCompute-3,instance-000018d2,aaa101aa-oam-1,8,16384,,,,,,,,,,,,,,,,,,,,,,,,,,,,,,,,
overcloud-OvsCompute-3,instance-000018cc,aaa101aa-app-0,24,32768,,,,,,,,,,,,,,,,,,,,,,,,,,,,,,,,
overcloud-OvsCompute-3,instance-000032bf,eir103-eir103dr02,6,8192,,,,,,,,,,,,,,,,,,,,,,,,,,,,,,,,
overcloud-AvrsReadyCompute-39,instance-0000124e,vDRA_ISB_SDAU_8,4,'43','7','16','52',8192,,,,,,,,,,,,,,,,,,,,,,,,,,,,
overcloud-AvrsReadyCompute-39,instance-00002cad,ZTE_MSCS_74_SPU_12_S,8,'25','61','64','28','32','68','27','63',28672,,,,,,,,,,,,,,,,,,,,,,,,
overcloud-AvrsReadyCompute-39,instance-00001829,ZTE_MSCS_72_SPU_18_S,8,'65','29','34','70','24','60','33','69',28672,,,,,,,,,,,,,,,,,,,,,,,,
overcloud-AvrsReadyCompute-39,instance-000017e4,ZTE_MSCS_73_SPU_17_S,8,'10','46','11','47','42','6','41','5',28672,,,,,,,,,,,,,,,,,,,,,,,,
overcloud-AvrsReadyCompute-39,instance-00001736,ZTE_MSCS_72_CDN_1_L,4,'2','38','8','44',34816,,,,,,,,,,,,,,,,,,,,,,,,,,,,
overcloud-AvrsReadyCompute-39,instance-000016df,ZTE_MSCS_73_SIPI_2_S,4,'50','14','51','15',4096,,,,,,,,,,,,,,,,,,,,,,,,,,,,
overcloud-AvrsReadyCompute-39,instance-000038dd,ZTE_vUSPP_45_PDSA_26,8,'67','31','66','30','26','62','35','71',24576,,,,,,,,,,,,,,,,,,,,,,,,
overcloud-AvrsReadyCompute-39,instance-00004422,vSPSTB01_CloudDB_SPSCDBNPRSUF_VDU2_0,8,'9','45','3','39','48','12','49','13',49152,,,,,,,,,,,,,,,,,,,,,,,,
overcloud-AvrsReadyCompute-38,instance-0000371e,ZTE_vUSPP_45_PROV_7,4,'2','38','8','44',12288,,,,,,,,,,,,,,,,,,,,,,,,,,,,
overcloud-AvrsReadyCompute-38,instance-0000377e,ZTE_vUSPP_45_IDSA_20,4,'9','45','3','39',16384,,,,,,,,,,,,,,,,,,,,,,,,,,,,
overcloud-AvrsReadyCompute-38,instance-000037b1,ZTE_vUSPP_45_IDSA_14,4,'17','53','40','4',16384,,,,,,,,,,,,,,,,,,,,,,,,,,,,
overcloud-AvrsReadyCompute-38,instance-000037e1,ZTE_vUSPP_45_CMP_6,8,'26','62','35','71','25','61','64','28',24576,,,,,,,,,,,,,,,,,,,,,,,,
overcloud-AvrsReadyCompute-38,instance-00003730,ZTE_vUSPP_45_PROV_6,4,'50','14','51','15',12288,,,,,,,,,,,,,,,,,,,,,,,,,,,,
overcloud-AvrsReadyCompute-38,instance-00003796,ZTE_vUSPP_45_IDSA_9,4,'48','12','49','13',16384,,,,,,,,,,,,,,,,,,,,,,,,,,,,
overcloud-AvrsReadyCompute-38,instance-0000371b,ZTE_vUSPP_45_SIPI_2,4,'43','7','16','52',8192,,,,,,,,,,,,,,,,,,,,,,,,,,,,
overcloud-AvrsReadyCompute-38,instance-000037db,ZTE_vUSPP_45_CMP_9,8,'24','60','33','69','67','31','66','30',24576,,,,,,,,,,,,,,,,,,,,,,,,
overcloud-AvrsReadyCompute-38,instance-000037c9,ZTE_vUSPP_45_SMP_8,4,'65','29','34','70',12288,,,,,,,,,,,,,,,,,,,,,,,,,,,,
overcloud-AvrsReadyCompute-38,instance-00002c62,ZTE_MSCS_74_CDN_1_R,4,'32','68','27','63',34816,,,,,,,,,,,,,,,,,,,,,,,,,,,,
overcloud-AvrsReadyCompute-38,instance-000017cf,ZTE_MSCS_73_SPU_5_S,8,'10','46','11','47','42','6','41','5',28672,,,,,,,,,,,,,,,,,,,,,,,,
overcloud-AvrsReadyCompute-37,instance-000037de,ZTE_vUSPP_45_CMP_5,8,'24','60','33','69','67','31','66','30',24576,,,,,,,,,,,,,,,,,,,,,,,,
overcloud-AvrsReadyCompute-37,instance-00003775,ZTE_vUSPP_45_IDSA_19,4,'50','14','51','15',16384,,,,,,,,,,,,,,,,,,,,,,,,,,,,
overcloud-AvrsReadyCompute-37,instance-00003787,ZTE_vUSPP_45_IDSA_8,4,'10','46','11','47',16384,,,,,,,,,,,,,,,,,,,,,,,,,,,,
overcloud-AvrsReadyCompute-37,instance-00003724,ZTE_vUSPP_45_PROV_1,4,'2','38','8','44',12288,,,,,,,,,,,,,,,,,,,,,,,,,,,,
overcloud-AvrsReadyCompute-37,instance-000037b7,ZTE_vUSPP_45_SMP_3,4,'48','12','49','13',12288,,,,,,,,,,,,,,,,,,,,,,,,,,,,
overcloud-AvrsReadyCompute-36,instance-00001674,vDRA_ISB_SDAU_11,4,'43','7','16','52',8192,,,,,,,,,,,,,,,,,,,,,,,,,,,,
overcloud-AvrsReadyCompute-36,instance-00001832,ZTE_MSCS_72_SPU_13_S,8,'50','14','51','15','10','46','11','47',28672,,,,,,,,,,,,,,,,,,,,,,,,
overcloud-AvrsReadyCompute-36,instance-0000172d,ZTE_MSCS_73_CDN_2_L,4,'65','29','34','70',34816,,,,,,,,,,,,,,,,,,,,,,,,,,,,
overcloud-AvrsReadyCompute-36,instance-000038f5,ZTE_vUSPP_45_PDSA_34,8,'26','62','35','71','25','61','64','28',24576,,,,,,,,,,,,,,,,,,,,,,,,
overcloud-AvrsReadyCompute-36,instance-000017ae,ZTE_MSCS_72_CDN_4_R,4,'2','38','8','44',34816,,,,,,,,,,,,,,,,,,,,,,,,,,,,
overcloud-AvrsReadyCompute-36,instance-0000389e,ZTE_vUSPP_45_PDSA_5,8,'24','60','33','69','67','31','66','30',24576,,,,,,,,,,,,,,,,,,,,,,,,
overcloud-AvrsReadyCompute-36,instance-0000373c,ZTE_vUSPP_45_PROV_8,4,'42','6','41','5',12288,,,,,,,,,,,,,,,,,,,,,,,,,,,,
overcloud-AvrsReadyCompute-36,instance-0000370c,ZTE_vUSPP_45_IDSA_2,4,'9','45','3','39',16384,,,,,,,,,,,,,,,,,,,,,,,,,,,,
overcloud-AvrsReadyCompute-35,instance-000016b2,ZTE_MSCS_73_CDN_1_L,4,'32','68','27','63',34816,,,,,,,,,,,,,,,,,,,,,,,,,,,,
overcloud-AvrsReadyCompute-35,instance-000037d5,ZTE_vUSPP_45_CMP_3,8,'67','31','66','30','26','62','35','71',24576,,,,,,,,,,,,,,,,,,,,,,,,
overcloud-AvrsReadyCompute-35,instance-0000370f,ZTE_vUSPP_45_PROV_5,4,'2','38','8','44',12288,,,,,,,,,,,,,,,,,,,,,,,,,,,,
overcloud-AvrsReadyCompute-35,instance-000037ba,ZTE_vUSPP_45_SMP_4,4,'65','29','34','70',12288,,,,,,,,,,,,,,,,,,,,,,,,,,,,
overcloud-AvrsReadyCompute-35,instance-000037c3,ZTE_vUSPP_45_SMP_7,4,'24','60','33','69',12288,,,,,,,,,,,,,,,,,,,,,,,,,,,,
overcloud-AvrsReadyCompute-35,instance-0000379c,ZTE_vUSPP_45_IDSA_12,4,'48','12','49','13',16384,,,,,,,,,,,,,,,,,,,,,,,,,,,,
overcloud-AvrsReadyCompute-35,instance-0000378d,ZTE_vUSPP_45_IDSA_24,4,'9','45','3','39',16384,,,,,,,,,,,,,,,,,,,,,,,,,,,,
overcloud-AvrsReadyCompute-35,instance-000037ae,ZTE_vUSPP_45_IDSA_3,4,'17','53','40','4',16384,,,,,,,,,,,,,,,,,,,,,,,,,,,,
overcloud-AvrsReadyCompute-35,instance-0000374e,ZTE_vUSPP_45_OMP_2,4,'50','14','51','15',12288,,,,,,,,,,,,,,,,,,,,,,,,,,,,
overcloud-AvrsReadyCompute-35,instance-00003778,ZTE_vUSPP_45_IDSA_16,4,'42','6','41','5',16384,,,,,,,,,,,,,,,,,,,,,,,,,,,,
overcloud-AvrsReadyCompute-34,instance-0000112e,ZTE_MSCS_71_SIPI_3_S,4,'17','53','40','4',4096,,,,,,,,,,,,,,,,,,,,,,,,,,,,
overcloud-AvrsReadyCompute-34,instance-000017d2,ZTE_MSCS_73_SPU_10_S,8,'9','45','3','39','48','12','49','13',28672,,,,,,,,,,,,,,,,,,,,,,,,
overcloud-AvrsReadyCompute-34,instance-00002cb0,ZTE_MSCS_74_SPU_10_S,8,'65','29','34','70','24','60','33','69',28672,,,,,,,,,,,,,,,,,,,,,,,,
overcloud-AvrsReadyCompute-34,instance-000016e5,ZTE_MSCS_73_SIPI_4_S,4,'42','6','41','5',4096,,,,,,,,,,,,,,,,,,,,,,,,,,,,
overcloud-AvrsReadyCompute-34,instance-000016c1,ZTE_MSCS_73_OMM_L,4,'50','14','51','15',8192,,,,,,,,,,,,,,,,,,,,,,,,,,,,
overcloud-AvrsReadyCompute-34,instance-000038d4,ZTE_vUSPP_45_PDSA_23,8,'67','31','66','30','26','62','35','71',24576,,,,,,,,,,,,,,,,,,,,,,,,
overcloud-AvrsReadyCompute-34,instance-000016be,ZTE_MSCS_73_CU_L,8,'43','7','16','52','2','38','8','44',16384,,,,,,,,,,,,,,,,,,,,,,,,
overcloud-AvrsReadyCompute-34,instance-00001817,ZTE_MSCS_72_VMP_4_S,4,'10','46','11','47',14336,,,,,,,,,,,,,,,,,,,,,,,,,,,,
overcloud-AvrsReadyCompute-34,instance-0000182c,ZTE_MSCS_72_SPU_17_S,8,'25','61','64','28','32','68','27','63',28672,,,,,,,,,,,,,,,,,,,,,,,,
overcloud-AvrsReadyCompute-33,instance-00002c95,ZTE_MSCS_74_VMP_3_S,4,'42','6','41','5',14336,,,,,,,,,,,,,,,,,,,,,,,,,,,,
overcloud-AvrsReadyCompute-33,instance-000038c2,ZTE_vUSPP_45_PDSA_17,8,'26','62','35','71','25','61','64','28',24576,,,,,,,,,,,,,,,,,,,,,,,,
overcloud-AvrsReadyCompute-33,instance-0000165f,vDRA_ISB_SDAU_3,4,'43','7','16','52',8192,,,,,,,,,,,,,,,,,,,,,,,,,,,,
overcloud-AvrsReadyCompute-33,instance-0000388c,ZTE_vUSPP_45_CMP_16,8,'24','60','33','69','67','31','66','30',24576,,,,,,,,,,,,,,,,,,,,,,,,
overcloud-AvrsReadyCompute-33,instance-000017b1,ZTE_MSCS_72_CDN_3_L,4,'2','38','8','44',34816,,,,,,,,,,,,,,,,,,,,,,,,,,,,
overcloud-AvrsReadyCompute-33,instance-00003739,ZTE_vUSPP_45_PROV_3,4,'50','14','51','15',12288,,,,,,,,,,,,,,,,,,,,,,,,,,,,
overcloud-AvrsReadyCompute-33,instance-0000172a,ZTE_MSCS_73_CDN_3_R,4,'65','29','34','70',34816,,,,,,,,,,,,,,,,,,,,,,,,,,,,
overcloud-AvrsReadyCompute-32,instance-0000180e,ZTE_MSCS_72_SPU_11_S,8,'9','45','3','39','48','12','49','13',28672,,,,,,,,,,,,,,,,,,,,,,,,
overcloud-AvrsReadyCompute-32,instance-000016e8,ZTE_MSCS_73_SIPI_3_S,4,'42','6','41','5',4096,,,,,,,,,,,,,,,,,,,,,,,,,,,,
overcloud-AvrsReadyCompute-32,instance-000017f9,ZTE_MSCS_72_SPU_6_S,8,'65','29','34','70','24','60','33','69',28672,,,,,,,,,,,,,,,,,,,,,,,,
overcloud-AvrsReadyCompute-32,instance-00002c9e,ZTE_MSCS_74_VMP_5_S,4,'26','62','35','71',14336,,,,,,,,,,,,,,,,,,,,,,,,,,,,
overcloud-AvrsReadyCompute-32,instance-000016ac,ZTE_MSCS_73_SPU_1_S,8,'43','7','16','52','2','38','8','44',28672,,,,,,,,,,,,,,,,,,,,,,,,
overcloud-AvrsReadyCompute-32,instance-000017cc,ZTE_MSCS_73_SPU_12_S,8,'50','14','51','15','10','46','11','47',28672,,,,,,,,,,,,,,,,,,,,,,,,
overcloud-AvrsReadyCompute-32,instance-00002cdd,ZTE_MSCS_74_CDN_3_R,4,'25','61','64','28',34816,,,,,,,,,,,,,,,,,,,,,,,,,,,,
overcloud-AvrsReadyCompute-32,instance-00002c8c,ZTE_MSCS_74_SIPI_4_S,4,'67','31','66','30',4096,,,,,,,,,,,,,,,,,,,,,,,,,,,,
overcloud-AvrsReadyCompute-31,instance-000016d6,ZTE_MSCS_73_SPU_4_S,8,'50','14','51','15','10','46','11','47',28672,,,,,,,,,,,,,,,,,,,,,,,,
overcloud-AvrsReadyCompute-31,instance-000038b6,ZTE_vUSPP_45_PDSA_13,8,'65','29','34','70','24','60','33','69',24576,,,,,,,,,,,,,,,,,,,,,,,,
overcloud-AvrsReadyCompute-31,instance-00001251,vDRA_ISB_SDAU_4,4,'43','7','16','52',8192,,,,,,,,,,,,,,,,,,,,,,,,,,,,
overcloud-AvrsReadyCompute-31,instance-000017d5,ZTE_MSCS_73_VMP_4_S,4,'42','6','41','5',14336,,,,,,,,,,,,,,,,,,,,,,,,,,,,
overcloud-AvrsReadyCompute-31,instance-0000180b,ZTE_MSCS_72_SPU_10_S,8,'9','45','3','39','48','12','49','13',28672,,,,,,,,,,,,,,,,,,,,,,,,
overcloud-AvrsReadyCompute-31,instance-00001751,ZTE_MSCS_72_OMM_R,4,'2','38','8','44',8192,,,,,,,,,,,,,,,,,,,,,,,,,,,,
overcloud-AvrsReadyCompute-31,instance-00002cda,ZTE_MSCS_74_CDN_3_L,4,'25','61','64','28',34816,,,,,,,,,,,,,,,,,,,,,,,,,,,,
overcloud-AvrsReadyCompute-30,instance-00001659,vDRA_ISB_SDAU_7,4,'43','7','16','52',8192,,,,,,,,,,,,,,,,,,,,,,,,,,,,
overcloud-AvrsReadyCompute-30,instance-00001215,ZTE_MSCS_71_SPU_15_S,8,'50','14','51','15','10','46','11','47',28672,,,,,,,,,,,,,,,,,,,,,,,,
overcloud-AvrsReadyCompute-30,instance-00001730,ZTE_MSCS_73_CDN_2_R,4,'65','29','34','70',34816,,,,,,,,,,,,,,,,,,,,,,,,,,,,
overcloud-AvrsReadyCompute-30,instance-000017a5,ZTE_MSCS_72_CDN_5_L,4,'2','38','8','44',34816,,,,,,,,,,,,,,,,,,,,,,,,,,,,
overcloud-AvrsReadyCompute-30,instance-00002cc8,ZTE_MSCS_74_SPU_16_S,8,'26','62','35','71','25','61','64','28',28672,,,,,,,,,,,,,,,,,,,,,,,,
overcloud-AvrsReadyCompute-30,instance-00002c6b,ZTE_MSCS_74_OMP_L,2,'42','6',6144,,,,,,,,,,,,,,,,,,,,,,,,,,,,,,
overcloud-AvrsReadyCompute-30,instance-000038e9,ZTE_vUSPP_45_PDSA_30,8,'24','60','33','69','67','31','66','30',24576,,,,,,,,,,,,,,,,,,,,,,,,
overcloud-AvrsReadyCompute-28,instance-00002c5f,ZTE_MSCS_74_CDN_1_L,4,'32','68','27','63',34816,,,,,,,,,,,,,,,,,,,,,,,,,,,,
overcloud-AvrsReadyCompute-28,instance-000037e4,ZTE_vUSPP_45_CMP_10,8,'26','62','35','71','25','61','64','28',24576,,,,,,,,,,,,,,,,,,,,,,,,
overcloud-AvrsReadyCompute-28,instance-00003793,ZTE_vUSPP_45_IDSA_23,4,'42','6','41','5',16384,,,,,,,,,,,,,,,,,,,,,,,,,,,,
overcloud-AvrsReadyCompute-28,instance-000037ab,ZTE_vUSPP_45_IDSA_4,4,'9','45','3','39',16384,,,,,,,,,,,,,,,,,,,,,,,,,,,,
overcloud-AvrsReadyCompute-28,instance-00003718,ZTE_vUSPP_45_SIPI_1,4,'43','7','16','52',8192,,,,,,,,,,,,,,,,,,,,,,,,,,,,
overcloud-AvrsReadyCompute-28,instance-000037c0,ZTE_vUSPP_45_SMP_6,4,'17','53','40','4',12288,,,,,,,,,,,,,,,,,,,,,,,,,,,,
overcloud-AvrsReadyCompute-28,instance-000037cc,ZTE_vUSPP_45_SMP_9,4,'65','29','34','70',12288,,,,,,,,,,,,,,,,,,,,,,,,,,,,
overcloud-AvrsReadyCompute-20,instance-00002c86,ZTE_MSCS_74_SIPI_2_S,4,'43','7','16','52',4096,,,,,,,,,,,,,,,,,,,,,,,,,,,,
overcloud-AvrsReadyCompute-20,instance-0000118b,ZTE_MSCS_71_CDN_3_R,4,'65','29','34','70',34816,,,,,,,,,,,,,,,,,,,,,,,,,,,,
overcloud-AvrsReadyCompute-20,instance-00001104,ZTE_MSCS_71_CU_R,8,'43','7','16','52','2','38','8','44',16384,,,,,,,,,,,,,,,,,,,,,,,,
overcloud-AvrsReadyCompute-20,instance-00001158,ZTE_MSCS_71_SPU_19_S,8,'9','45','3','39','48','12','49','13',28672,,,,,,,,,,,,,,,,,,,,,,,,
overcloud-AvrsReadyCompute-20,instance-00001125,ZTE_MSCS_71_SPU_2_S,8,'10','46','11','47','42','6','41','5',28672,,,,,,,,,,,,,,,,,,,,,,,,
overcloud-AvrsReadyCompute-20,instance-000038a4,ZTE_vUSPP_45_PDSA_7,8,'26','62','35','71','25','61','64','28',24576,,,,,,,,,,,,,,,,,,,,,,,,
overcloud-AvrsReadyCompute-20,instance-00002c7d,ZTE_MSCS_74_SPU_5_S,8,'24','60','33','69','67','31','66','30',28672,,,,,,,,,,,,,,,,,,,,,,,,
overcloud-AvrsReadyCompute-21,instance-00003748,ZTE_vUSPP_45_OMM_2,4,'65','29','34','70',12288,,,,,,,,,,,,,,,,,,,,,,,,,,,,
overcloud-AvrsReadyCompute-21,instance-00001677,vDSCISB01_OMU_OMUBIG_0,8,'43','7','16','52','2','38','8','44',16384,,,,,,,,,,,,,,,,,,,,,,,,
overcloud-AvrsReadyCompute-21,instance-0000173c,ZTE_MSCS_72_CDN_1_R,4,'50','14','51','15',34816,,,,,,,,,,,,,,,,,,,,,,,,,,,,
overcloud-AvrsReadyCompute-21,instance-000038aa,ZTE_vUSPP_45_PDSA_9,8,'24','60','33','69','67','31','66','30',24576,,,,,,,,,,,,,,,,,,,,,,,,
overcloud-AvrsReadyCompute-21,instance-000017e1,ZTE_MSCS_73_SPU_13_S,8,'10','46','11','47','42','6','41','5',28672,,,,,,,,,,,,,,,,,,,,,,,,
overcloud-AvrsReadyCompute-21,instance-00002cb6,ZTE_MSCS_74_SPU_8_S,8,'25','61','64','28','32','68','27','63',28672,,,,,,,,,,,,,,,,,,,,,,,,
overcloud-AvrsReadyCompute-22,instance-000016c4,ZTE_MSCS_73_CU_R,8,'43','7','16','52','50','14','51','15',16384,,,,,,,,,,,,,,,,,,,,,,,,
overcloud-AvrsReadyCompute-22,instance-000017ba,ZTE_MSCS_72_CDN_2_R,4,'65','29','34','70',34816,,,,,,,,,,,,,,,,,,,,,,,,,,,,
overcloud-AvrsReadyCompute-22,instance-00002cb3,ZTE_MSCS_74_SPU_7_S,8,'26','62','35','71','25','61','64','28',28672,,,,,,,,,,,,,,,,,,,,,,,,
overcloud-AvrsReadyCompute-22,instance-000017ed,ZTE_MSCS_73_SPU_14_S,8,'2','38','8','44','10','46','11','47',28672,,,,,,,,,,,,,,,,,,,,,,,,
overcloud-AvrsReadyCompute-22,instance-000038d7,ZTE_vUSPP_45_PDSA_24,8,'24','60','33','69','67','31','66','30',24576,,,,,,,,,,,,,,,,,,,,,,,,
overcloud-AvrsReadyCompute-22,instance-0000373f,ZTE_vUSPP_45_USM_1,8,'42','6','41','5','9','45','3','39',24576,,,,,,,,,,,,,,,,,,,,,,,,
overcloud-AvrsReadyCompute-23,instance-00003745,ZTE_vUSPP_45_OMM_1,4,'48','12','49','13',12288,,,,,,,,,,,,,,,,,,,,,,,,,,,,
overcloud-AvrsReadyCompute-23,instance-000017b7,ZTE_MSCS_72_CDN_3_R,4,'65','29','34','70',34816,,,,,,,,,,,,,,,,,,,,,,,,,,,,
overcloud-AvrsReadyCompute-23,instance-00001757,ZTE_MSCS_72_SPU_4_S,8,'42','6','41','5','9','45','3','39',28672,,,,,,,,,,,,,,,,,,,,,,,,
overcloud-AvrsReadyCompute-23,instance-000016e2,ZTE_MSCS_73_SPU_3_S,8,'50','14','51','15','10','46','11','47',28672,,,,,,,,,,,,,,,,,,,,,,,,
overcloud-AvrsReadyCompute-23,instance-000037ea,ZTE_vUSPP_45_CMP_12,8,'26','62','35','71','25','61','64','28',24576,,,,,,,,,,,,,,,,,,,,,,,,
overcloud-AvrsReadyCompute-23,instance-000038ad,ZTE_vUSPP_45_PDSA_10,8,'24','60','33','69','67','31','66','30',24576,,,,,,,,,,,,,,,,,,,,,,,,
overcloud-AvrsReadyCompute-24,instance-0000114f,ZTE_MSCS_71_SPU_17_S,8,'50','14','51','15','10','46','11','47',28672,,,,,,,,,,,,,,,,,,,,,,,,
overcloud-AvrsReadyCompute-24,instance-000017fc,ZTE_MSCS_72_SPU_5_S,8,'42','6','41','5','9','45','3','39',28672,,,,,,,,,,,,,,,,,,,,,,,,
overcloud-AvrsReadyCompute-24,instance-00002cd1,ZTE_MSCS_74_CDN_5_L,4,'25','61','64','28',34816,,,,,,,,,,,,,,,,,,,,,,,,,,,,
overcloud-AvrsReadyCompute-24,instance-000017db,ZTE_MSCS_73_VMP_2_S,4,'2','38','8','44',14336,,,,,,,,,,,,,,,,,,,,,,,,,,,,
overcloud-AvrsReadyCompute-24,instance-00002cb9,ZTE_MSCS_74_OMP_R,2,'48','12',6144,,,,,,,,,,,,,,,,,,,,,,,,,,,,,,
overcloud-AvrsReadyCompute-24,instance-0000125a,vDRA_ISB_SDAU_9,4,'43','7','16','52',8192,,,,,,,,,,,,,,,,,,,,,,,,,,,,
overcloud-AvrsReadyCompute-24,instance-000038a7,ZTE_vUSPP_45_PDSA_8,8,'65','29','34','70','24','60','33','69',24576,,,,,,,,,,,,,,,,,,,,,,,,
overcloud-AvrsReadyCompute-25,instance-000016b5,ZTE_MSCS_73_CDN_1_R,4,'2','38','8','44',34816,,,,,,,,,,,,,,,,,,,,,,,,,,,,
overcloud-AvrsReadyCompute-25,instance-000038bc,ZTE_vUSPP_45_PDSA_15,8,'10','46','11','47','42','6','41','5',24576,,,,,,,,,,,,,,,,,,,,,,,,
overcloud-AvrsReadyCompute-25,instance-00001128,ZTE_MSCS_71_SIPI_2_S,4,'26','62','35','71',4096,,,,,,,,,,,,,,,,,,,,,,,,,,,,
overcloud-AvrsReadyCompute-25,instance-00002c89,ZTE_MSCS_74_SPU_4_S,8,'24','60','33','69','67','31','66','30',28672,,,,,,,,,,,,,,,,,,,,,,,,
overcloud-AvrsReadyCompute-25,instance-00001820,ZTE_MSCS_72_SPU_15_S,8,'43','7','16','52','50','14','51','15',28672,,,,,,,,,,,,,,,,,,,,,,,,
overcloud-AvrsReadyCompute-25,instance-0000171b,ZTE_MSCS_73_CDN_5_L,4,'65','29','34','70',34816,,,,,,,,,,,,,,,,,,,,,,,,,,,,
overcloud-AvrsReadyCompute-26,instance-00001236,vDRA_ISB_SSAP1_1,8,'43','7','16','52','2','38','8','44',16384,,,,,,,,,,,,,,,,,,,,,,,,
overcloud-AvrsReadyCompute-27,instance-00002ce3,ZTE_MSCS_74_CDN_2_L,4,'25','61','64','28',34816,,,,,,,,,,,,,,,,,,,,,,,,,,,,
overcloud-AvrsReadyCompute-27,instance-00003799,ZTE_vUSPP_45_IDSA_11,4,'50','14','51','15',16384,,,,,,,,,,,,,,,,,,,,,,,,,,,,
overcloud-AvrsReadyCompute-27,instance-000037a8,ZTE_vUSPP_45_IDSA_6,4,'10','46','11','47',16384,,,,,,,,,,,,,,,,,,,,,,,,,,,,
overcloud-AvrsReadyCompute-27,instance-000037ed,ZTE_vUSPP_45_CMP_13,8,'42','6','41','5','9','45','3','39',24576,,,,,,,,,,,,,,,,,,,,,,,,
overcloud-AvrsReadyCompute-27,instance-00003898,ZTE_vUSPP_45_PDSA_3,8,'65','29','34','70','24','60','33','69',24576,,,,,,,,,,,,,,,,,,,,,,,,
overcloud-AvrsReadyCompute-27,instance-0000372a,ZTE_vUSPP_45_PDSA_1,8,'43','7','16','52','2','38','8','44',24576,,,,,,,,,,,,,,,,,,,,,,,,
